{"x": [17.356910200617538, 13.594614377816855, 22.16880355862994, -1.8703548104322254, -18.094552554542275, -6.764602954677816, -9.456358926350182, 23.26071220065264, 21.42192981475228, 3.57806475261422, 24.345929286942294, -2.8366590354995713, 14.060250264827534, -4.2367875537288855, 4.891181278309319, 16.127916850677153, 6.149429189590767, -4.032608215462314, 14.07172154695647, 22.285409645593624, -5.85834871123725, -5.566453852338411, -22.49322527665695, 26.450826661928236, 2.991219139264649, 9.694389202457765, 6.477883377839593, -11.614837263476238, 20.924137529397356, -23.847940037946465, -5.5078000542379995, 11.324129941702486, 4.151371582938148, 6.5956191975559415, -5.247871826345465, 1.4823603314263456, -12.09445582608108, 11.919545079884498, 2.2791725841048756, 0.9596565116731945, 12.584391465070897, 17.872893704219116, 4.62697372337374, 6.8430546586881755, 11.151760465710518, 2.149806614454967, 22.89259720151865, 6.268666828284186, -14.792003182475023, -20.37974537902493, -6.548979158967832, 1.732187928002546, 5.260304989749449, 3.853200506038673, 14.165179348487458, -25.069250999242904, 27.729230723847955, -12.774450355185891, 11.364618212978268, 2.314705033270446, -4.045679593693683, -3.3015007475478706, -4.22625341149453, -18.752845478460753, -25.21751677417637, 29.422280709217464, -3.1221893761211468, -29.2407693294258, 12.702554142145571, -25.962809429751555, 4.742087612316311, 18.56415105820462, -0.329036985341867, 20.082757249539302, 11.258269891298463, -1.9173474525279017, 2.4069450755829096, -24.097935049236686, 15.98060240324965, 10.756747422309541, 0.05760460365955078, -6.086191514217502, 5.711342534440257, -3.253549344726602, 31.584233593742617, -4.275205027725446, 3.5964640134969232, -13.829245980557534, 9.708980417893821, -20.15202005968336, 12.891539103788949, 23.180872268231994, 1.71557128436325, -15.832587268483406, 12.405089726558035, -1.0182277669775577, 16.732133788413957, -15.021926356006723, -9.836393958041743, 2.4790348188114733], "obj_val": 20.485977172851562, "time_elapsed": 5.627524137496948, "timeout_reached": false}