{"x": [-4.032290169881226, 12.719847313348662, -33.05877425730083, -15.825805155644215, -22.043055530265903, -27.223324580845198, -20.471660432675453, -10.45037504063887, -3.3132200268788927, 3.4421420681770076, -2.642595738730911, 11.794533657704173, -15.039820256983495, 24.174271595356995, -34.29104659224943, 11.779296982334692, -1.9546874827728724, 1.5206926798294222, -22.041412750149775, -19.972876573029023, 20.123840603438833, 27.419003136373064, -13.132020181637328, 8.142561181824234, 24.169087785306566, 24.85704112220094, -21.570334479931205, -29.77111336909281, -23.61387272724439, 25.871811606897914, -25.416049248926694, -2.9129089471197993, 30.966711784852656, 1.6275221970494242, 13.819810263041706, -11.822040645456623, 12.289629721740125, 25.19785877940116, -31.051279357135027, 17.693728623049683, 30.98901490864719, 16.357459835827303, -15.734524838345845, 21.381201815670003, -25.953724267129733, -3.0523771167286693, 25.977245363361266, -12.39262642712384, -13.236341946652052, -25.509968622053425, -33.92196108689839, 12.046151839591198, -19.424674124821752, -13.784074119277557, -3.1112047399186475, -27.272309598984233, 3.039537785474821, -25.136636719872136, 8.65977084337836, 12.27296617927817, -23.596387349114867, -6.088753955935644, 12.743705375215717, -1.0029004798018835, -31.214206640012343, -0.10169490690111027, 7.810771006369733, -1.1256953741402878, 30.180330867082976, 6.172922408251977, 25.831996057942238, -21.778098758717032, -27.918925445686643, 21.489374614310503, -2.8230180184042455, -23.226487123105876, 29.92983821723455, -8.115817915103783, 20.142242930268893, 12.209267544027405, 28.741527202431143, 10.714454000761005, 19.248821276193123, -13.926095460876224, -13.770060931342332, 26.672943313666593, -7.000651892474292, 30.015224337650682, 12.073615045480231, 9.197137596402452, -28.31102014427399, 29.313344234284763, -4.871922731043736, 7.4482596145975295, -6.202161296891758, -19.065447933725395, 24.79256367546663, 6.956192499608343, -37.0337247320797, 6.275121541746895], "obj_val": 21.06148910522461, "time_elapsed": 8.41300654411316, "timeout_reached": false}