{"x": [22.22593582079329, -26.57932842153008, -19.475741455217545, -18.827972408152085, -6.942588942792849, -5.181158343644016, 5.2450368465929715, 8.405400600411209, 4.63819520274963, -0.36830853058590585, -4.392358455416438, -21.533211512588306, -20.058551218558023, -22.063737362877557, 27.393293464292118, -25.194347951970812, -7.724595823387172, 4.770521262086841, -0.9189071494407508, 22.37688834489825, 16.87743941613123, 11.118796334812286, -11.408788279732777, 6.784254203316538, -25.73389974835528, -30.990420895088413, 4.8880574564412385, 7.51871425142901, 3.7734301535124253, -14.40877605928424, 10.052963221770842, 18.034812711728154, -8.599279074909704, -21.14817988718237, -19.94771494550744, 28.90209689442662, -23.860076579093132, -7.1600787591745645, 18.11286247719767, 26.7341528508371, -3.191050413305253, -10.850503315564605, 12.344598741446985, 15.033612562243318, 19.58626744502465, -12.199408339093534, -17.939024252532793, 3.030602921946462, 32.64440263193698, -7.094397900786793, -20.57511886764741, -24.668227356010174, -23.020751206787725, -9.568276474932427, 4.260191970126398, 22.045912148548865, 1.1367986765187161, 25.07104058346067, 4.892508282762377, 10.234369797762492, 5.7820792121629205, 1.1021355782027822, -2.1785274920275697, -3.7425216104112407, -21.013334133701875, -23.93479121768472, 0.5619992218743137, 11.342352120502467, 13.99578305611502, -18.141616261198113, -26.270588389675147, -2.4853849307400013, -15.096835687410326, 16.259455043216782, 13.22928911391597, -10.177789527895147, 12.081567958900356, -1.234994462444287, -5.701713032302825, -10.249553098158875, -10.265552317409238, 11.533736902467135, 14.779424330772613, 9.302683457542203, -3.900757496532886, 19.60956745666231, -9.091871167693084, 21.187685318463032, 2.9580292828955352, -21.464794008185184, -8.825472994652028, 22.333584477660786, 7.614561071277786, 19.3407335490776, -20.230277098674218, 11.548919797361473, -24.898643101088428, -28.83160383701689, -5.663484901584594, 17.140997756609234], "obj_val": 20.78907012939453, "time_elapsed": 5.654192209243774, "timeout_reached": false}