{"x": [-0.00032404370692518114, 4.9672933812416886e-05, -0.00018294416911146527, -0.0007400148708853749, 0.000658893460837362, -8.520278242940549e-07, 0.0006462623477716534, -0.00021449648806992627, -0.0013503278866551227, -0.00012450038694566956, -9.339403374042377e-05, -0.0003773690387163242, 0.00026217343437906493, 0.0011807065686753049, 0.00014083493147154513, 0.0004905704784761156, 0.00018029238367489597, 9.46631674736409e-05, 0.0006185276064911704, 0.0010546029148486014, 0.0003635771216181638, 0.0005346304764941578, 0.00011673820634428012, 0.00073850410990417, 0.0005062503137196472, -9.825245228967106e-06, -7.606297492657177e-05, -0.0005947259039515984, 0.000629805230630609, -0.0004424307499562019, 8.09608724523514e-05, -0.00031323996458354486, 0.0001951085658475904, -0.0001850508619440916, 0.0006700418849447942, -0.0008624047356420306, -0.00012196601855407607, -0.00024585316194247753, -9.175801525884708e-05, -0.0003416364223198798, -0.00015722183658795075, -0.0007641899508428196, 0.00021980021551826212, 0.00034857910451080443, 0.0007627342794478409, 0.0004294713888981505, 0.0008922138528077994, 0.00019154035994972674, 0.00044995709603767864, -0.0005980125919791135, -0.00047144472770810353, -0.0009327237101217634, -0.00023292184638989966, 0.00032842098579521917, -0.0002795700115711952, 0.0004285874715890259, -0.00029899464655613883, 6.011423403151639e-05, 0.0005968796569391088, -0.0010100283513878594, -0.0002793183772098473, 0.0010032474423411486, 0.000853731687541881, -0.0004609469727938631, -0.0009735773712975515, -0.0007711038429505379, -0.00042536162334272376, -0.0002896271179793075, -3.7120146032521006e-05, 0.0002861483048519631, -0.0005109896052033491, -0.0005222234509574264, 0.0002424684694659618, 0.000957071893282091, 5.152124131768687e-06, 0.000495039933582575, -0.0006807392261123368, 0.00111794882818117, 0.0004536675976112292, 0.0008138880381522995, -3.464090043792112e-05, -0.00030488254847682583, 0.0001147953103384225, 0.0003690890677887637, -0.0005686947343832571, 0.00028659975700406903, -0.0005085095174166554, -0.000382885206050787, 0.0001181255584867813, -0.0007315398122216266, -9.726383052566234e-05, 0.00028181904821167336, -0.0009163434205845533, 0.000745815571718822, -0.0004389652365262009, 0.00028184345211457185, -0.00035958665483804, 0.0009188169325256013, -0.0005681269169031111, 0.0001570669040518169], "obj_val": 0.0021867752075195312, "time_elapsed": 152.9779348373413, "timeout_reached": false}