{"x": [0.0002627415264839783, -0.0002345238792429427, 6.06650271208764e-05, 0.0011102580439228404, -0.0003824830741621099, 0.00015715146494699184, 0.00032808078069024305, -0.0004528942269246272, -0.0007326302496011294, 0.0013642725477325257, -0.0003839490099295517, -0.0005452673455010881, -0.0005722438564674803, -0.0002780137279785322, 0.0002683101179172809, -0.00042989116460034893, 0.000982927478730744, 0.0002287451650033745, -0.0004440155772726939, 8.404673707218535e-06, 0.0010896360129208915, -0.00044726470464695467, 0.0003337920072539191, 0.0002838091210151106, -0.0004534712415136255, 0.00024919978318393987, 0.0001840900944216628, 5.185166017440679e-05, 0.0007160829688217518, -3.48954474702623e-05, 8.724927887726608e-05, -0.000414713666799571, -0.00043298838990324384, -0.0007044171883308081, 0.0007817092018882477, 0.0004471821758471606, 0.0009084208215170975, 0.0004286064826146685, 0.0006008047992054344, -0.0010721241584406016, -0.0006976335556601043, 0.0001428771401776885, 0.00035122460185732507, -0.0006455672139225044, -0.0002978279017895602, -5.051609966244541e-05, 0.000741404009019675, -0.00014215981656207077, 0.00043952099991884097, 0.0004802643314008037, -0.0002367518939081492, 0.0004112712218784509, -0.0005350700119493013, 0.0009856590639714113, 0.0006233426462927127, 0.0001340003891669994, -0.001027465819987583, -0.00029676790752830584, 0.0004291284127475592, 0.0003423863497999946, 0.00011766049416905844, 0.00017608460723295138, -0.0008681225455120511, 0.0007011273223440639, 0.0007367684302153066, -7.809870767516713e-05, 0.000535258919725834, -0.0005910123344676776, -0.0003693641648112589, 0.00037718754276738764, 0.0008377203201348493, 0.0007626261547386548, 0.0005175611651679901, 0.0007991974003971336, 0.0004548731899944869, -0.0006297747789858477, -0.0004292904719704893, -0.00013550556140273784, -0.0002068901519010069, -0.0011626076561697118, 0.0001846156387159681, -0.0006674501784686981, 0.00038721047455680946, -0.0003398794915341341, 0.00011943521275270541, 0.001108213984394979, 0.0010008918504809117, -3.854990598028962e-05, 0.0007061096039819859, -0.0005112228536745533, -0.0007415127144270173, -0.000467139430142538, -0.0006802115329662684, -0.0011462241319719624, 0.00014174287855439616, -1.115323102851562e-05, 0.0008424126214663374, 0.00021770734082338095, -3.2055104568939896e-05, 0.0001672833773795901], "obj_val": 0.0023107528686523438, "time_elapsed": 155.29789233207703, "timeout_reached": false}