{"x": [-23.726251244352447, -10.712017093123828, -7.507345922947396, -15.932536876844432, 17.98799869058952, -30.835576945198707, 10.607003383932053, -20.798055637707048, -24.438294398428894, -0.8173929342411902, 9.680665526837373, 8.967246785598604, 18.41651699329437, -14.488877920112875, -20.55662927966706, 1.8253943115930524, -18.566787911819315, -27.590530060820335, -13.836936581156708, -15.309849312108666, -19.96299102689822, -19.97853974011809, 9.84755520776027, -9.741714275311818, -22.212868941435037, -13.988572779646216, -15.03647342687393, 19.91785693094322, -6.498152154414743, 3.061758846480545, 2.940050294325869, 18.829907148931436, -14.442942638203421, -28.462036154327436, 0.9135039524721651, -23.076620087165423, -0.3649650411318398, -8.195761401359931, 20.140506249938795, 3.958184553309824, -12.134078974675322, 4.159252881224937, 17.030589639043384, -1.4709028048061228, -2.5875230487877015, 12.40272376830795, 26.80999371870786, -18.17096466512912, 13.353635889977989, 9.031090930974766, 3.074211976198407, 17.347279507501568, 0.37076986953310553, -1.2588388781915456, -14.63669403225615, 17.85311722380257, -18.751095418786637, 25.231238378132943, 5.753114927054922, 5.581399617021606, 2.008787926037665, -7.516468826071639, -7.16223816275649, -6.967767120417408, 13.215374862856915, -8.220077318609215, -19.140217575231144, 8.388716440805016, -22.781121847685608, 32.14874769455453, 19.890743650717972, 7.073574477752118, -6.334201404619482, 12.243663201029646, 32.35186339320089, 1.9028070389502756, -3.0593445173348117, -10.91111580899966, -31.955683407331076, -6.131391496758664, 0.9624033966139323, -0.1281375362409708, 15.144945889899763, 19.16834589955665, 5.132738490955701, 13.155564587870307, -5.48129022881341, -29.508881850965768, 31.374524319377567, 16.381586980386004, 4.363515471212202, 31.701078900529712, 0.9451623956935873, -2.2598688940686444, 13.974648806076926, 23.52364738489126, 9.821359386246856, -9.746402421353633, 16.783437234574944, 10.116038157670323], "obj_val": 20.740066528320312, "time_elapsed": 4.403686761856079, "timeout_reached": false}