{"x": [0.0001378672964449379, -0.00039583875708615324, 0.0004940919368152663, -0.000799113366980464, 0.0006982885635409275, -0.0005545335992849232, -0.00010859621545478149, -0.00012008599519219842, -7.89524171125322e-05, 8.909818049573914e-06, 0.00030323802710086056, 0.0001844743849801489, -0.0005804646897331622, -0.00035928586436284604, -0.00047733064212707177, 0.0010420330926876886, 0.0006598691283414837, 0.00034005447560048196, -0.00031904487505585166, 0.0007789450631321415, 0.0006078963887148348, -4.503544238332324e-05, -0.00023484750386160158, -0.00014431699037231738, -0.0009425653657899602, -0.0009618678898277722, 0.00013887241165377873, -0.0009793496264904888, 0.000928288189925297, 0.0006067894539967256, -0.000261718859519533, 0.0011459510794225025, 0.0006290801518957778, -0.00032695846586250354, 0.0008517588245240404, 0.0001814995666222785, -0.00028287283117833795, 0.0004762614982780633, 0.0008047192489470945, 0.00019348636587324108, 0.0007871661786111872, -0.0006954851646412408, 0.0008100787899820716, -2.5810097213252448e-05, -0.00047299930275812585, -0.0003136852245688715, 0.00013707834466458735, -9.273008481613942e-05, 0.00033497496319512265, -0.000551115049006512, -8.669319655041363e-05, -0.0007224992449863521, 0.00045134656582490607, 0.00018506706457799282, -7.879055416992742e-05, 0.00041474013461595405, -0.0006538207960318232, 0.00045739632830077426, 0.00010636065064772993, 0.00013618988401731258, -0.0004917992434911866, -0.00013162143278577787, 0.0006072483973866838, -0.00012415861633030545, -0.0004852646483186618, 0.00016834440718582755, 0.0006370183031094712, -0.0003983623182222118, 0.00011357943429857187, -0.00023974244044211446, 0.00022079887801851328, -3.305218484683792e-05, -0.00029823775271609065, -0.0005647665491608223, -0.0005543703781825116, -0.00014902110422099213, 3.732583435578363e-05, 0.0006650868481301586, -0.00031835958134251996, -0.0006883411319620336, -9.502950672413135e-05, -0.0003470943154724182, -0.000406248433108658, -0.0005180414922847376, 0.00075994939084012, 0.00024854053599199233, 0.0003177420638564854, -0.0008210661842582567, -0.0008854451762232429, 0.00013464752640857114, -0.0007106458491819012, 0.0003511468424761688, -0.000806939372282045, -0.0008058080799742129, 0.00016416792786344558, 0.00017852658791639442, 0.0002603621960872715, 0.0002350571295721693, 0.0007331856195662567, 0.0005780619061965808], "obj_val": 0.0020704269409179688, "time_elapsed": 154.6011803150177, "timeout_reached": false}