{"x": [11.040933945695414, 1.660538033504829, 8.34802581110845, 4.8190304405842355, 3.1156405852716484, -3.8273555452484036, 7.410114779812421, -8.015884591916517, -1.4686919026818863, -4.340715088904915, 6.646120757027374, -4.922343991380745, 7.6449330218717435, 7.401281524799648, -8.598964527662806, -0.03834771672388393, -8.630907547075864, -3.6289577778273197, -8.165102726506085, 7.949469105054252, -1.9979937211841428, 6.895255975555463, 6.407081058992413, 7.333753314262977, -4.9664677384047735, -7.020710645629454, 0.6073427651094789, -5.433879057792481, 5.283572763879057, -4.301420276018655, 1.8923546683082528, 7.649565734504857, 0.5257784439955338, -7.735850462678507, -8.043275585658709, 2.143133649953385, -0.3556358183258626, 3.690282590023144, -0.470627260456207, 4.568232371485958, -0.23258747926762902, 1.9433962152655622, 4.885444166249175, -6.316716247219532, -3.3528022811033322, -1.3956501783471846, 4.1821193479887, -4.508088588811637, -0.44762276787850297, 3.0530362854123174, 8.081767564834097, -5.0298271577189375, 3.816550155393326, -7.406811215671318, 0.08208674648825526, -8.3621853598816, 7.284919104182081, -1.7844886358501733, 4.741559823008613, -2.8374518198052243, 7.42887105014253, 0.3707977272981843, -4.252829587671553, 3.220092063405894, 7.750077829636366, 7.777427543946857, 3.5630477029833845, -7.841721642631502, 1.8756575770783455, -4.823233249250475, 4.312692963268901, 7.543880194483348, -2.6094680526050666, 2.548580608940145, -8.454768494577115, -0.11761088041818318, -4.146273655038363, -0.17544362334291905, -1.2925218183845946, 5.346991453244004, -7.8343563104302705, -8.439403749694252, 3.593040869236665, 0.24204084722864025, 2.1715636857721514, 3.8984375466559094, 0.24195849163784694, 6.281358754910846, 0.5857685085802042, 8.450868959293455, 3.540704665096075, -3.49609878425827, -3.8697307620881993, 7.4414560857892535, -4.313051501903435, -4.420166352010877, 0.06180194078312706, 0.4284271592473437, -0.307294065496035, -1.1422977869516575], "obj_val": 517.0986328125, "time_elapsed": 25.544469356536865, "timeout_reached": false}