{"x": [1.0000011317865936, 0.9999997083732177, 0.9999986462442053, 1.0000020874076236, 1.0000005260170743, 0.9999989483818033, 1.0000003035108922, 1.0000006435271478, 1.0000020870655346, 1.0000002605177853, 1.0000020475888316, 1.000000962745241, 1.0000007324029494, 1.0000004636816668, 0.9999986592817761, 1.0000015341322979, 1.0000004886551943, 1.0000005463949166, 0.9999993992886645, 0.9999999399906108, 1.0000006428014132, 1.0000002675390647, 1.0000009400087955, 1.0000005850220341, 1.00000044652639, 0.9999985363111209, 1.000000813848089, 1.0000011082075844, 1.0000010160253106, 0.9999997247486043, 1.000000199726467, 1.000000648179232, 1.000000943953636, 1.0000009011503592, 1.0000005299533863, 1.0000004091950427, 1.0000001670501029, 0.9999999050983026, 1.0000008591476948, 1.0000013643588908, 0.9999999357142038, 0.9999998100140028, 1.0000000799881998, 1.0000021223555293, 1.0000009311043057, 1.0000000913122085, 1.000001475847165, 1.0000000383416976, 0.9999996084196832, 1.0000002278508051, 1.0000004245323926, 1.0000005460743335, 1.0000010994377324, 0.9999995317951419, 0.9999998354119627, 0.9999999565089475, 1.0000009900630848, 0.9999992452746165, 1.0000018453428121, 1.0000008431656482, 1.0000002516273818, 1.0000005253341855, 0.9999993881725728, 1.000001860016179, 0.9999993388477394, 0.9999989524339477, 1.0000013092664468, 1.0000002651636455, 1.0000004211636493, 1.0000000004260985, 1.0000010297750546, 1.0000004670850424, 1.0000003989141695, 0.9999989138213878, 1.0000005473541496, 1.000000477234631, 1.0000006155456596, 1.0000007385779386, 1.000000774020176, 1.0000008044826871, 1.0000019550888424, 0.9999994633547675, 1.0000009377479124, 0.9999997674271432, 1.0000009104158347, 1.0000008695454057, 1.0000009439536688, 0.9999999983894785, 1.000000887107272, 1.0000001883944665, 0.9999995645950027, 1.0000009915917252, 1.0000003345422144, 1.0000009451826515, 1.0000003907099209, 1.0000014168804447, 1.0000012342461502, 0.9999986973126872, 1.0000002184718955, 1.0000038802333988], "obj_val": 4.27151231052747e-11, "time_elapsed": 500.24406361579895, "timeout_reached": false}