{"x": [-1.7349270228946645, -0.4061926944017913, 3.930904733837921, 1.730227463683509, 6.812054597073727, 4.29466135058237, -3.5848288267046877, 1.2852516333964048, -0.7602851885092032, -0.6982343037806216, -0.7108841026437263, 1.0025402561264096, -0.8729516251021607, -3.2883374035621618, 0.026872388659593405, -4.053015502318065, -0.29745297760630507, 2.7643736753208525, 1.8111673760462144, -0.47023465674748466, 4.511563418351059, -4.419988836671807, 3.0184484594461303, 0.13760402266103533, 2.739747732531601, 0.8126701488006827, 2.18095366028932, -2.325946809529804, -0.013350626147129452, 0.4065557745018089, -0.7877315569929433, 0.07152272873230947, -0.3634165611286999, 2.189451294135636, 4.469286267087648, 1.1758853008271353, -2.3056809715295223, -0.4046223111234737, 3.9703039373700455, 3.6430789878273395, 3.4205832486384047, 4.1580330022781276, 0.5976242246568497, -2.020422523075994, -2.4552535003532006, -1.9306154546024978, 2.9446087298553514, 2.4121042897742373, 0.16078135157041817, -2.2861834704543726, -0.5620331247198396, 0.4923713910039895, -0.8844987573269025, 3.398802545068915, 3.852590880460831, 0.5618913322618124, 1.8908947734044967, 0.7542694945949191, -3.147686573470083, -3.0700767535845075, 0.48193939813870434, -0.9938705919691082, 0.017615389649536795, -3.868546140638495, -0.993210606915792, 2.19682719488145, 1.974579058072785, 2.0199199774352117, 0.7695293508764189, 1.5728047103778664, 2.095509991750515, 1.5643917891901271, 0.302350857982272, 3.2997487113054413, -0.04449943677303336, 0.1946766570406666, -0.589431905509924, -0.3840512196863344, 0.031211971171849484, 1.184997902257583, 1.4538009510923233, 3.0719753147650497, -0.5603831880103138, 1.0551599129948297, 3.957183982204233, -1.4645815533377504, 2.397678471209268, 1.2935156381315727, -0.007561217932001707, -0.7501968131066683, -4.4370487445766615, 2.867260797045814, 0.2400890721052451, 0.10707119030437084, -0.8274338847692586, 3.7005397499393955, 3.6727830647231907, 4.0338768141769865, -0.03836949026536418, -8.11266198720026], "obj_val": 148.3484649658203, "time_elapsed": 300.57219338417053, "timeout_reached": true}