{"x": [4.051336852172158, -0.6891627234749376, 1.3342514336055333, 0.24479764680820137, 0.661450861477495, 1.4291105210911104, 0.6706495429463843, 3.593048266454739, 1.331952175401987, 3.4286374532704, 0.741301073012206, -0.3466025165919151, 0.43038169810169835, -0.29104676879669333, 1.5400500279871188, 0.6807211283506165, 0.711778867698567, 0.08271774619298622, 1.2370151133639196, 1.8640950600365036, 0.6312517137838669, 3.5675034914735226, 4.234253707405868, -0.4629953542935217, 1.7168250216344516, 2.5630327578758916, 0.24470401081094773, -0.16049224399857787, 0.36486897494145687, -3.932174895117676, 0.5402335677065428, 3.4750243842255735, 3.9045181442664934, 1.1256386443129474, 2.4159984328788897, -0.919429005789556, -0.20469079813851265, 4.043317450504896, -1.512112173029423, 0.7639822424771103, -0.021123129867034462, 2.0779995206049984, 1.1958451259507985, 2.279798811011682, 0.09389506460919961, 2.9700417163475645, 1.315830232091666, 2.0564824007560656, 3.89649728470713, -1.4771643585944139, 3.7117895243143217, -0.008033116085214287, 2.906434862780616, 3.2987902331176033, 3.7456031837995996, -1.0736074347199487, 2.6449981424561786, 0.9446802196421222, 1.3952789697825763, 1.1293455448454792, 2.4985333663737475, 1.519117361029696, 2.159245539639212, 0.33864720997224707, 0.6899542140886838, 3.440316961696679, 0.8084087745554447, 1.6157250700934922, -0.4890383931916542, 0.30255792249031854, 1.1034295372190694, 0.9831854315444444, 3.3657339796852814, 0.8029063739948872, 3.017956383061242, 1.0587437467946503, 1.4162721369899312, -0.4637240046853419, 0.3327804157232217, 1.6063202665530563, 0.9045912867723915, 0.8264792210524563, 1.5721300654663306, 0.6766805625734706, -1.4365293098028886, 2.129611834166869, 3.7942872272457695, 0.4179533874032271, -1.094635871380607, -1.4634794548805208, -0.052251553969544506, 1.6012899846232997, 2.7959112201587466, 1.9191109839754716, 0.031775927426358486, -1.0796684082478003, 3.1089920134224402, 2.9044626481265357, 1.2244949352074141, 2.9476856615052682], "obj_val": 50.181541442871094, "time_elapsed": 300.67480659484863, "timeout_reached": true}