{"x": [1.0066379429803476, 1.0024859913194675, 1.0088577077284668, 0.9934288865338594, 0.9909903159933222, 0.9965037989967414, 1.0020132801656985, 1.0030162659964148, 1.003059649861271, 0.9985729095772271, 0.9952157330778597, 1.0091272086369614, 1.0082472782530374, 0.9941392206367112, 1.0019133176030088, 1.0080149277366246, 1.001780043137206, 1.0060543319939441, 1.0002903112417343, 1.0018868890539423, 1.0009300530698937, 0.9852150379126776, 0.9927807080410815, 0.9970767060178005, 0.9935729750565194, 1.0055302757383693, 1.0083497975024294, 0.9941029778323411, 0.9978815709406739, 0.9843563182469381, 0.9937102983041548, 0.9990627526269691, 0.9943123142403572, 0.9986138408265575, 0.9936569156724815, 0.9958316357418049, 1.001560393010962, 0.9923517637274024, 1.0099449767931539, 0.9978389346240064, 1.0080876833989336, 0.9998746720884562, 1.001392889033724, 1.0076257105681208, 0.9952293509765155, 1.0013258565614294, 1.0097988001871308, 0.9974317186138002, 0.9975029686606831, 0.9961610506437069, 1.0079174133665632, 0.9937966122355952, 0.9998970871123163, 1.0013227974825227, 0.9855228982338105, 1.0094063524188144, 1.0094262984824454, 0.9903346325710132, 1.008999290843903, 1.0036034550649546, 1.0055909164740697, 1.0038760673772344, 1.0068617116371215, 1.0070642129198646, 1.0021323041985362, 1.0120491723730858, 0.9927423300821907, 1.005030432715209, 0.9874689380990667, 1.005373527800181, 0.998264298080997, 0.9890381431189397, 1.0006581163294754, 1.0098670783683694, 0.9918611579761851, 0.9978408459362313, 0.9930911031355407, 0.997976693875998, 0.9990705092805179, 1.0015450868514897, 1.0016468930944562, 0.9933798007944858, 1.0130316064148985, 1.0056843111037566, 1.0000738801898805, 1.010977826470743, 0.9904708992116582, 1.0059123084906787, 0.9927423962334707, 1.001428608673237, 1.0053388211019367, 0.9902074244326329, 0.9888885779770398, 1.0072757311464287, 1.005986606701498, 0.9856110528186406, 1.007319055819302, 0.9895685160189558, 0.9932735684812926, 1.0009653452690728], "obj_val": 0.0024311800953000784, "time_elapsed": 375.98920702934265, "timeout_reached": true}