{"x": [-1.56993476689132, 2.1603932298536597, -2.9307802867540107, -0.8849182798504325, 7.988602040284934, 6.305844314744764, -8.264086736970691, -4.172251113885234, -8.631953286049482, -2.6611692513457, -7.864255777038008, -0.9902987681882476, 1.6992672560225086, -4.444678023424584, 2.484065605623272, -0.853424610068581, -9.638272969453062, -1.405842133461214, -4.924283725593699, -0.8937614113378968, -2.4050600786480243, 4.221206803958982, -1.7772403330053468, -8.145866803482482, 3.276929319636804, 4.09310648164325, -4.552070251643704, -4.662493392309214, -2.247636288467022, 8.290976377391644, 7.107824500105276, 4.112054973923504, 7.4231414563993665, 7.228936227346882, -2.3893216937446446, -7.291404452293073, 4.332151081246709, 1.9122299823880706, -3.999940968715843, -5.34119702939088, -0.7155643662068685, 0.2536513817865127, -3.8682687959065425, -4.561733323320113, -0.8831226402309746, 6.360723731673953, 1.2361883688354238, -6.001710029037822, -4.718649199280252, 0.685022882109307, -4.263899032501008, -6.417913975641758, 1.5924488436076536, -7.748012060561111, 0.33399247821993355, -3.809518218243301, 4.035680130680293, 4.405242146870409, 3.69306152514038, 3.2705454409698826, -3.6883427436388327, 3.338934490452522, -1.5994443866390349, 2.4122595116181262, -4.594476532012244, -1.9043002543522731, -8.0159291079595, -2.439531936220356, 11.490232323472556, -4.61098157102993, 2.6568283783199984, 4.477396615857538, 3.316089845228742, 1.7357855652997984, 1.652732506469464, -8.053584377053987, -8.319646931427057, -4.942271223975141, -8.405721373260963, -8.454936236318947, -8.180389163257436, -0.3879671661953557, -6.669689465175507, 8.354452115054901, 4.46291975238403, 0.8975445432199032, 3.888332069827291, -4.606905344317789, 7.4375113831953925, 8.258515090722069, 4.320208323394225, -0.9715033761043124, 6.616435860927036, 5.660451454903296, 1.5105441666451123, 7.916625798949642, 2.381296084409804, -2.4770829027014867, 0.2287302329624225, -5.324202845793372], "obj_val": 589.3201904296875, "time_elapsed": 16.480178833007812, "timeout_reached": false}