{"x": [1.986799476620492, 3.258232372588988, 2.8396467323385663, 0.32581325204836564, -4.266716999850024, 2.0976981124598106, -0.554602516682911, 6.6744731181991614, 7.4632877283162005, -3.6502504451398976, 4.610357914860123, -0.38001769203919167, 1.4772069616346504, 7.834955213706406, -7.698929226747972, -7.7960705348133335, -8.520604141513868, 7.0990801682207305, 5.640839046379344, 7.561744559667975, 7.335426004264245, 5.700815223294054, -0.4209963703979432, 8.523927858165832, -8.516379067335052, 2.9204597597735242, -8.521867733046745, 7.182974867512076, -0.5877336164065696, -2.036019558969625, -5.21407977458256, 3.003489383189729, -1.525281603848673, 2.9367812383116885, -8.058112626861787, 3.9110562872837322, 3.283159507845094, 3.62728465436982, 10.113350561013299, 3.9511397971954425, -3.510997399249435, -2.091628652231996, 3.618806234150239, -8.38526785094198, 3.4571347357878013, 4.637733640781334, -4.7440638331990925, -8.044876476946147, -4.376195968271485, -3.275621731135655, 0.007163239093570695, 2.067835028906254, 7.657748641527752, -8.174515757383745, -7.181491807707393, -5.766629163362558, 3.7687290654161445, -6.533424432312538, -1.0907041454495143, -5.203007531173208, -7.538208580845317, -8.657545073532965, 2.7568284202377744, -3.8583615449598527, -4.187588536762265, -1.100607350228053, 5.176906461715753, -8.955750520948568, 7.886133002984878, -7.6315643912057265, 11.380252182558612, -0.5877700805531889, 9.376709860465354, -0.10550273021345724, 7.656147425991843, -8.623862913712431, -4.4827673441872715, -8.540755103281114, -3.296058579024508, -8.623627041166097, -3.825440433595941, -1.3393345769751392, -8.791234060781875, 3.92117298880157, 3.189625258908014, -4.30735167965863, -0.5896695569774653, -8.48048500245164, 2.5030754077942663, 9.889495832612868, -2.6262359697996867, 2.4202597497703797, -8.698258648900882, 4.366767240205231, -3.8946567074328624, -4.315617710647237, -0.00300173822301647, -11.817248434552187, 4.287093075955534, -11.54862557086067], "obj_val": 737.8576049804688, "time_elapsed": 21.675798177719116, "timeout_reached": false}