{"x": [-0.9980152137673972, 3.4040523750401617, -8.462833521095131, -4.152127683450509, -9.114880131428203, -7.215553958968725, -7.487709383546161, -2.7161284737857603, -2.0223216074144186, 0.7711133821569844, -0.9130272019248196, 3.296571948200401, -4.218700308887497, 7.5139199023523515, -7.983058441133588, 2.987290436115882, -0.11511816518133045, 0.19287469575321528, -8.750387106422236, -6.0710895463638455, 5.209255449555364, 7.0323517222474194, -4.502320271680915, 1.5386656881826823, 8.688234020211736, 8.44447001950944, -7.4784606551196084, -8.052844540150845, -8.807946634426443, 7.574380741242449, -7.963044748416197, 0.4297999449124232, 7.544756487781651, 1.2408618034831453, 3.865286297634176, -3.848063082371679, 4.0941908694117455, 8.451974080612874, -8.444114240765472, 5.590132079790646, 8.359294271251867, 5.236727352057032, -4.04597463186064, 3.9132130126431357, -8.738653190664254, -3.2866969533248827, 6.350063984297903, -4.761649770005257, -2.9388977359306376, -7.86484900032311, -8.755983001218613, 4.635837989052755, -3.854862920555967, -3.0645283659091986, -0.9034983256867843, -7.2367661612901335, 0.949846508432739, -7.234861350557123, 1.4667117922298016, 4.173734854858865, -8.845708756700319, -2.689079261405523, 4.065290396926905, -0.5572819755242059, -8.279472811470962, -1.3802600186541214, 1.740799293719712, 1.5546208159935475, 8.491436838274238, -0.09131443912548337, 6.5888026617743085, -4.361304418235457, -8.784841583553181, 6.345184594301346, -0.5078020680131254, -8.40095188334102, 8.946498263493943, -4.21980566752648, 4.575470632299949, 3.902846186834641, 8.664252537268416, 1.4673372115871544, 5.477742135458889, -6.142412084588475, -4.327060325975223, 7.957040031208334, -0.7548019674523223, 8.144959924037488, 4.593900494818965, 2.4415596782692695, -8.792303734088659, 5.228188667958078, 0.4938610936529322, 3.3693420749723817, -3.9860743280733764, -4.460383297259605, 7.50550785433367, 2.8885828765646115, -11.999470636163746, 4.127436172868408], "obj_val": 764.9129638671875, "time_elapsed": 32.1140022277832, "timeout_reached": false}