{"x": [1.000008607947193, 1.0000041291232569, 0.9999990580644041, 1.0000058229939455, 1.0000060673475213, 1.0000023099919917, 1.00000057617495, 1.000000252290532, 1.0000007216616524, 1.0000029941996875, 1.000001611425256, 0.9999974585217292, 1.0000083154549055, 1.0000048370823316, 1.0000040208932885, 1.0000036997411277, 1.000001771635909, 1.000001859526775, 1.0000009252793276, 1.0000059704455413, 1.0000027183111577, 1.0000027334653059, 1.0000085905249028, 0.9999958720938854, 1.0000025607572467, 0.9999965567926268, 1.0000052791699454, 1.0000024581147122, 1.0000030153390325, 1.000000497665288, 0.9999988299850866, 0.999999200877075, 1.0000015128148294, 0.9999992763438964, 1.0000027420941786, 1.000002474018239, 0.9999981666831801, 0.9999993006029457, 1.0000021492984534, 1.0000018148706895, 1.000003220781602, 0.9999983569321674, 1.0000040149038834, 1.000002061315502, 1.0000041269670146, 1.0000007124291352, 0.9999997312480424, 1.0000002412439588, 1.0000030726653513, 0.9999932779031633, 1.0000001341491906, 0.9999996023437059, 1.0000058945331112, 1.0000002337882452, 0.9999962456407603, 1.0000015439106922, 1.000001607620453, 1.0000022735567642, 1.0000127014371367, 0.9999983364333046, 1.0000061434511875, 1.0000006454024686, 1.0000023365033466, 1.000003209109401, 1.0000032967405004, 1.0000025030640785, 1.0000018626323306, 0.9999987695157322, 1.0000007099416817, 1.0000011106361237, 1.0000016360263984, 0.9999996304513175, 0.9999955340460477, 1.0000036927737708, 0.9999987179066365, 1.0000041518899057, 0.9999995696895518, 1.0000014639318984, 1.000001172024186, 1.0000005594258514, 1.0000017438988913, 1.0000042455516154, 1.0000050480362914, 1.0000028308843465, 1.0000045194063083, 0.9999986387833334, 1.000004340482329, 0.9999997188125304, 1.0000007443990717, 1.0000007628433902, 1.0000039657874407, 1.000001384834507, 1.0000013952036368, 1.0000015378332328, 1.000002693077998, 1.0000057736487244, 0.9999994163168034, 1.0000011919512874, 1.0000012678797365, 0.9999984953707227], "obj_val": 6.413459208154393e-10, "time_elapsed": 494.83151388168335, "timeout_reached": false}