{"x": [3.5081535043876424, 1.9223261497414381, 2.554362478359638, 1.2124276331043917, 2.330143258596647, 0.9585147296809601, 2.358525618883815, -0.8639835023172263, 3.147591487338226, 0.5203844857844168, 2.5525388814585788, 0.03815804189178684, 3.8748774236591843, 3.5811190728959077, 0.8032369385631555, 1.4849313853954746, 0.6831239694132948, 0.5055125744152503, -0.2656485817719906, 1.1933796490568787, 0.7704542854733751, 1.7947648630413822, 2.1609308304974104, 2.438481248617708, 1.7221492778409495, 0.8575204019937732, 0.5197593945486642, 2.2394439076975834, 1.9448225853383974, 0.39643680747395704, 2.288484613523862, 1.9609884357475293, 0.9061185831891151, 0.488312858782432, 0.28344550670715785, 1.8474812251302364, 2.094717385689784, 1.7540729963604242, 0.4926602367512338, 1.676902364730792, 0.2792017991960398, 0.7773811060371285, 2.023216486066268, 1.1132610551991755, 2.271115931509165, 2.4108673680756803, 0.9623712380534735, -0.19873128502200854, 2.0785229389889888, 2.1633124861252435, 1.6961942155881904, 0.2316653591940262, 1.2762757403435, 0.3016558493482223, 1.6107083456163547, -0.4762796227437437, 1.9557849999225332, 0.7335009720529129, 1.5423292447198669, 2.14110477693583, 4.31524771017423, 3.4425435132573323, 0.7086626750777011, 2.177891705009451, 5.83301029880807, 1.8828397076998247, 3.180667122378393, 0.07068634988440825, 1.4883957182538214, 0.5597453648702582, 1.9770334401225855, 1.5896166175407491, 0.1866916809309711, 1.0338147178532657, 1.1208469223459245, 1.4203516962720475, -0.03010880812575578, 0.6063788246902247, 2.9398912463517224, 1.5561163170051402, 0.3387723673553663, -0.20122370057674777, 0.27815459277699295, -0.2246128937439902, 3.31795457300316, 0.27415354314572316, 2.3217679073913158, 2.206447260647116, 2.515549762687398, 3.0483507791829205, 3.468668385668472, 1.4803683255115583, 3.114626937788211, 1.2783248600119683, 0.40920492384780804, 0.9354453565355125, 0.3542498526243998, 2.192081172778947, 0.6226016249527201, 1.1045898966158354], "obj_val": -17.444805145263672, "time_elapsed": 122.76240587234497, "timeout_reached": false}