{"x": [2.2024094732344857, 1.5716739416196512, 1.284627998275786, 1.9233409735313867, 1.7203394313860132, 1.57126411066095, 1.454412572023073, 1.7563372349895268, 1.6556826177994672, 1.570789641251575, 1.4978575055267136, 1.433941356614099, 1.6300628007925608, 1.570823503275828, 1.5173532445420612, 1.4694546808693403, 1.6162111408305986, 1.570869804338857, 1.6903122083576108, 1.6474643675647638, 1.4541006302828077, 1.42071733346764, 1.536206723006222, 1.503888746124323, 1.6021038947290442, 1.5708310963705188, 1.541401186741985, 1.6259904258119091, 1.70079500564455, 1.5708903830624834, 1.5452493213098384, 1.5208937308789514, 1.6854015292142464, 1.5707945336279447, 1.6367337673079465, 1.696592337636544, 1.5918823448707515, 1.651345812129648, 1.630131609840733, 1.6095788956665436, 1.5899157600415652, 1.57081364685797, 1.4765732808015564, 1.606014602834053, 1.5883083988579223, 1.5709233794383284, 1.553929380419552, 1.5377942564336973, 1.6490252303546056, 1.6324049855896945, 1.5553763981962643, 1.6006669659102553, 1.5856187403433903, 1.6831048296676023, 1.556346329200709, 1.65281668353402, 1.5844863536809264, 1.5708668650314914, 1.557160771879051, 1.4339987413237525, 1.5834303470016593, 1.620751123360109, 1.6077277266026013, 1.5951276582970007, 1.5341581514884837, 1.6178445089801556, 1.5591125662460312, 1.4999355366539913, 1.5362783177014068, 1.6150506134809692, 1.5144415955318937, 1.5925091587084461, 1.5815045118415227, 1.5277640600033981, 1.6820232782655715, 1.671041207703551, 1.4542956016668418, 1.6105345324542855, 1.5608717009219282, 1.6286071123021282, 1.6187871095878323, 1.608465777361829, 1.5227815232767075, 1.513732675377542, 1.5800388157142509, 1.3337079533145548, 1.632776566339067, 1.5885627374967235, 1.614198198565682, 1.6053959083457157, 1.596498112317894, 1.685974336601797, 1.4748328516527645, 1.4671126254263616, 1.5289095858927162, 1.5209252950192376, 1.5463079488935234, 1.5384392671333937, 1.5943931664825755, 1.5229615156056928], "obj_val": -99.43053436279297, "time_elapsed": 145.1639325618744, "timeout_reached": false}