{"x": [2.334894313269808, 2.0284783686391368, 1.2561171070891513, 2.469969925794083, 0.6566284566568477, 2.013134496656497, 0.7907180289124179, 1.7604286681518708, 2.584733189656264, 2.0868228303185696, 0.14856763600965128, 1.915908660594093, 1.36652888089024, 1.7815895144967682, 1.5527698935142855, 2.862968815191903, 0.795262127588071, 0.6473351577628899, 2.0231754178779737, 0.8231799724312147, 2.6647051115581424, 1.242680810096676, 1.9116546793161713, 1.7029576246501774, 2.390973128026338, 1.6450279414425797, 0.5187447076851053, 0.9530980482951165, 0.6833911995406207, 1.983880219316171, 0.9573369394231236, 1.0496213602008742, 0.7560357448863915, 0.5808959363406611, 2.0308946094515323, 1.443993230444511, 2.945664101519894, 1.2997879975017077, 1.7224817434940658, 0.9150405506381859, 0.1633218638448175, 2.8442329605340424, 2.006357208262966, 2.021631313941869, 2.1150341655671094, 0.9759374759118123, 1.5504737739012766, 0.8549539613885854, 2.7091881926397336, 1.3050238857878524, 1.479113994015851, 1.2591665923409305, 2.8580311349900183, 0.9730817213438425, 1.7534430142273956, 1.7082474467226383, 1.891599346511859, 1.5132631062991118, 2.614613976887445, 1.7433182941302046, 2.093116001660123, 1.3785639196184047, 2.397280153811112, 0.9923433615820993, 1.8873911051202106, 1.7948415723402023, 0.31287553526787004, 1.7467224187197814, 0.4473133837934016, 2.5354747943063085, 0.6190544982753541, 0.6187641952065172, 1.154371779522497, 1.5732094270601562, 2.3236837007099473, 1.9233584154555206, 3.023579214411468, 2.3422097345792254, 0.9016774915712134, 0.9630181812491627, 2.07342309845666, 0.029632189575179213, 1.8481186973690245, 0.25106403781054176, 1.751552619919562, 0.7658703677365909, 1.4409557285924846, 3.0655787465498188, 3.0024101862820487, 2.6316744418846487, 1.1153094877768495, 2.326362123189625, 2.552904877862808, 1.43740896034718, 1.844822695045652, 1.040518280979704, 1.9289462716526828, 0.014402006465231487, 1.180284876604981, 1.6466012741865796], "obj_val": -29.404918670654297, "time_elapsed": 300.42203736305237, "timeout_reached": true}