{"x": [0.8712291273203454, 3.0994638086463193, 2.3818120056496963, 0.8928266696762441, -1.6023012182497307, -0.20591231196490378, 1.4679316291927311, 3.306500280387704, 2.985934495191693, 1.3385116973483924, 2.41593347687647, 1.515474614625425, 2.619015204427338, 2.1090760509296915, 2.0013909513728683, 1.4129810840318036, 1.9355808330429838, 1.8702062851948984, 0.9975583847763441, 3.7792827851635487, 1.4554333026730726, 2.479999042722679, 2.5737975440048286, 3.6945547525042244, 1.463227068685855, 1.3516380964019832, -1.3700513515252912, 1.6512074526424827, 1.7357739936876093, 1.698575202821302, 0.6975527136708759, 1.7471230662888158, 1.212650328919813, 2.7248230529517055, -0.6980111061800689, 1.2038650672101783, 0.5215689069993922, 2.704077223192225, 3.054468005542233, 2.755560839838948, 1.7258478686902277, 0.10345131188203832, 0.9820544572095296, 0.5908512589405679, 1.6603862725987966, 1.8809174697192974, -0.7870868031079119, -0.4836119028993005, -0.31302314558720234, 0.7009136503296337, 1.6186601981083062, 1.7776311710734407, 1.2414730486987475, -0.07792815010206605, -1.6937684147900418, 0.24162653194198758, 1.4676967959828753, -0.6857059062877937, 1.0317454299534115, 2.241200890707744, 0.249325282812347, 0.07608574750588382, 2.952696830116631, 2.628322410913716, 1.5266112693795224, 1.310532914632468, 1.501620857717707, 0.6531547849861262, 1.7764887205859505, -1.4124202715537275, 4.71583717962991, 0.742546800224495, 3.010025653001442, 1.5721720689978023, 4.01969017571588, 0.8462053217812862, 0.3692807829340435, -0.051870279374824024, 1.3917373732364824, -0.6996805045158143, 2.858340791881929, 1.3634148342935397, -0.17862322610364778, 3.463436731082885, 2.600538703165861, 2.3125815826336087, 1.281410234621235, -0.4789049321425733, 1.166262808575076, 2.515913866331368, -0.11004307743889236, 3.542781640912823, -0.8241787374207006, 2.9777641967232906, 2.429024133869476, 1.278907564471677, -0.43565865785410424, -1.6554148781504194, 1.8128942649638378, -0.5159514736171165], "obj_val": -15.80754566192627, "time_elapsed": 101.07716369628906, "timeout_reached": false}