{"x": [2.2023429103088326, 1.5700761468559845, 1.2847088077744697, 1.9229716183026522, 1.7206156226888023, 1.5710213984340138, 1.4542488836720588, 1.7557794693567743, 1.6556266576779102, 1.5706681825763722, 1.771971294732543, 1.6966192797200108, 1.6299842629437729, 1.7808818652453926, 1.5173637225343626, 1.6660171939654997, 1.616230567028536, 1.5708957937418146, 1.5289022015077167, 1.6473818331674384, 1.6076788625024943, 1.5709879879066397, 1.5362809320120014, 1.5038410643199365, 1.6019136994482208, 1.4449179942912558, 1.655774865766813, 1.625834510960674, 1.700810151655645, 1.5710014800785501, 1.7391407872981244, 1.415676315621484, 1.5944293595485721, 1.5707433526511014, 1.5482449898901018, 1.5265369965668354, 1.5918559025207273, 1.5709361895096992, 1.4667004911021477, 1.5309977140996134, 1.5898717115934335, 1.4940184365481803, 1.6247049264119227, 1.534687921234692, 1.5881245234441206, 1.570485689771342, 1.7448927597149417, 1.5377109376308953, 1.586462194799811, 1.5065788675513154, 1.5553306099967106, 1.5403004113805947, 1.5856257876907014, 1.6279660361723511, 1.6132136995345325, 1.7053163227421226, 1.4711446644097972, 1.6756447032241093, 1.610332546848512, 1.5967248420735265, 1.583567045939061, 1.5707972840933024, 1.507231722622869, 1.3885076178726834, 1.5828638835739266, 1.6177811191692815, 1.5591105517080894, 1.4507105177796271, 1.5362548901467479, 1.6150567389588595, 1.5596314054984184, 1.592442007782653, 1.5814744586374143, 1.612685483787775, 1.5601446136813486, 1.418755574281306, 1.698206798656317, 1.610597675055951, 1.5202656120365186, 1.5107272290224882, 1.5014036522521108, 1.6085998858447184, 1.5228514010619314, 1.5895239783805781, 1.5799998979283405, 1.6768089857968693, 1.5976803871031393, 1.5528406376833148, 1.544095168565918, 1.5707550155460126, 1.4542952429521332, 1.6539291000547536, 1.579191567895057, 1.6038377568871311, 1.4945739120397619, 1.5871065155240895, 1.6420448866890158, 1.5383800653600197, 1.594409724122176, 1.4566008426000927], "obj_val": -99.38819885253906, "time_elapsed": 188.0943043231964, "timeout_reached": false}