{"x": [1.5309463439680557, 2.324427927356342, 0.2558412295207203, 0.7792819776684862, 0.048962862509529415, 0.2998702795307636, -0.4061312532650351, 1.585626440957693, 2.932990170423959, 1.9778577474168486, 1.299771815037134, 0.5530049272459209, 1.0479077247078155, 2.2938699082465313, -0.3873535465826292, 2.429779551280616, 1.8734800840596035, 3.1620676678915176, 0.1760031469809501, -0.19830026348471297, 1.749411241339159, 1.2419571349268719, 0.6560255635996978, 2.2703941921864876, 3.419770979753087, 2.2916831907145596, 1.5735294887965796, 0.9563913424012559, 0.7145383718492884, 3.0412591440201746, 0.1921671135128854, 2.2165327703481172, 3.424994728532257, 0.386624909124469, 2.8357788134173565, 0.3946794829696586, 2.9109395799150994, 3.128945961523153, 0.7283259176812487, 2.8425310448510235, 4.5041487671469085, 2.639736244652193, -0.11643974210730934, 2.5694439754682916, -0.16054877021003905, 0.2041809570135854, 3.0483688847671773, 1.5604919843527902, 1.7153838932974208, 0.27020316132345057, -0.28448195995232933, 2.0164561299297565, 0.8421619480060335, 0.3666953806832278, 1.305482326798774, 1.2180623932371781, 1.8159518282758982, 0.6094205467393078, 1.8438849762667857, 1.5446735511158556, 0.755226272943955, 1.613916684663529, 2.9736402968789575, 1.6638034390845364, 0.6515375735000428, 1.8343228702666619, 1.7409346181737027, 1.3592718667048165, 2.9158724978811508, 1.3786450360816858, 2.111663422032305, 1.0417025131783793, -0.4126935576139925, 2.5279462474207763, 2.1417884055237604, 0.9352458270823465, 3.392511346783466, 1.2837748355372258, 2.1278684685965135, 2.6858827642027325, 4.555004546164495, 1.2242222940143066, 2.2604728948756567, 0.17480329434555264, 1.4889742656588232, 3.128584055054536, 0.5551556165385236, 3.1006622063566622, 2.2785739446929694, 3.351604607420931, 0.32306203591874416, 2.347947962093561, 2.1518719462071974, 2.715303150714241, 1.2263982266769242, 0.9210178705850408, 1.9754649021530502, 2.9505483235832894, 0.10713216132167586, 3.9182230158866105], "obj_val": -15.02560806274414, "time_elapsed": 98.44015288352966, "timeout_reached": false}