{"x": [2.3358047868011935, 1.3861643933592442, 0.31701451635558886, 2.436441525181597, 0.9998251054309774, 0.34492976243929685, 1.4938124115018392, 0.9977109573009094, 2.985790885547072, 0.6828315923913605, 1.1367008465285804, 0.6697363794861692, 1.6351842963503085, 1.5548456148565748, 1.9660259084311535, 2.908393767621736, 1.785824691609751, 1.2165729782888621, 1.882634547002315, 1.315898835951458, 2.0137263020512575, 1.3798566434904047, 1.227269268208395, 1.6092951202378691, 0.3771077755124468, 1.8699013312076995, 1.2777629918603681, 2.898069856970543, 2.1132534909795275, 1.7428290591656785, 1.4270291042337817, 2.57526410448713, 2.1564996522707736, 1.5425275391598532, 1.6363562940758714, 2.4856417939055637, 1.6695601426690956, 2.676545858141945, 1.0648084526458006, 1.2704337080740054, 2.0151338195311803, 2.3259894437079023, 0.18480792198340845, 1.7134872211407017, 2.0744355222188773, 1.3196583460731846, 1.7457497176483012, 1.5560803600104702, 1.777709981437016, 1.2317638363210965, 1.6199831025894866, 1.533709268066285, 0.5243296179514811, 2.3605085459716153, 0.5196327834591095, 2.319799755661508, 1.9829883624941798, 2.812548649562177, 1.8549523087208561, 2.414095458421574, 1.4802666666400914, 1.1445403587871121, 2.2541956791576494, 0.5145836759302078, 0.4008705157576935, 2.085948270546475, 2.97994465814393, 1.875458661727179, 0.5078837891650347, 2.1098581404807684, 2.2811140243659787, 0.2580093194589539, 2.338996980690877, 1.332944971549173, 2.773992153329245, 1.2421996306364744, 1.3260225606895049, 2.672260174124026, 2.0501521908138303, 1.0860105222563685, 0.9317357665604504, 2.340569626927606, 1.488120415992197, 2.620098867407263, 0.5446367625092057, 0.3583014876417272, 1.4321011036281406, 1.566368354488215, 2.791719174493144, 1.2165910925573804, 0.1476932528631245, 1.5082842536773347, 1.0071659718890933, 1.5139295559349213, 2.109887001677114, 2.6337163317370393, 1.8380893107885412, 2.0142682068560687, 1.3171451570571724, 0.35683682659317517], "obj_val": -29.871349334716797, "time_elapsed": 300.7369134426117, "timeout_reached": true}