{"x": [2.074402639344383, -0.5766626073943916, 1.4205906067478153, 2.151940036007681, 1.1303503512478696, 1.6532148535106228, 0.6523253674071063, 2.9552667075850563, 1.1543626563396696, 1.4714856826006018, 1.4438675143624533, 1.4214531206700318, 0.6443588076315798, 1.1092185675627428, 0.6625602755283149, 3.308600125051898, 2.80400884403746, 0.8892150071140458, 2.7671026622779276, 0.22723623069892307, 1.0156367264132027, 0.22412388824079654, 1.675683225024457, -0.4321932960425142, -0.5993654349198742, 1.682151962439034, -0.10127843492594557, 1.3278443521843022, 1.7486275124731967, 0.7712550656947982, 1.7388081966316027, 0.5963203435357738, 1.729642804365894, 1.1582659604788974, 1.4623432865319244, 1.6185874167944967, 2.5585497593111177, 1.8863515187794793, 0.8671991564087778, 1.9309793771134514, 2.92068465191291, 1.712478138471925, 3.1585237662802923, 0.5927206578347465, 1.6591694227938776, 1.6629497478777542, 1.3803783746734377, 2.792133884862393, 1.6064346653828712, 1.9598733843396667, 2.434700348098731, -0.7116797508320857, 0.9197831732720237, 3.1100270678131263, 0.9201177846269454, 0.4138107148453852, -0.3724419243269665, 0.2201755992056859, 3.442624440575259, 3.01003328065283, 1.7584990929277509, 2.5641723966774124, 2.168026248899594, -0.4142269896299393, 1.0140440591555286, 2.3339359740294583, 1.3620686274729925, 0.6047669645350212, 2.8733799788764314, 0.21818460024650133, 2.3565603026094193, 0.22721146761964361, 1.9302075992884888, 1.7317709351760584, 3.0173651268170296, 1.637978827957231, 1.1437454288410667, 0.9736217223629532, 2.0756708580342456, 0.6643883454718879, 2.6649762168698263, 0.9980996067754193, 2.7710751724607006, 1.518167138264645, 1.1707130692932601, 1.4826663255622976, 0.987242076281058, 1.5136022849172535, 2.8638324358004876, 1.4248773213448904, 0.7669975374816629, 0.3595667551868219, 2.6302958871772173, 1.211651350816092, 0.038647254287527244, 0.6157273931087377, 1.4377138794723847, 0.8129010924091423, 0.4393044437106651, 1.4468569278553596], "obj_val": -19.667457580566406, "time_elapsed": 127.8559820652008, "timeout_reached": false}