{"x": [0.3408988693492303, 1.6828030791008457, 1.2333303513926364, 2.9399750544958465, 2.2357638388258807, 2.0800502833450825, 1.8701262107299303, 1.7500073573760455, 0.8923689997577989, 1.1376058562823148, 1.5458703728397694, 1.4445471816808477, 0.10444537042847513, 1.3369082215859815, 1.717712890233209, 1.678971306684436, 2.395427733638128, 1.9978118321202893, 1.3381521604098967, 1.9092376564936187, 1.3912934191386106, 1.1080824406942404, 1.5235084017288767, 1.093028604473339, 1.3225729273136573, 0.4622876373937048, 1.654205295909407, 1.8492241978732948, 1.589688404276183, 1.34231136607429, 1.6137639850379797, 0.8033853707721396, 2.3522451104688193, 0.1552673087111014, 2.5989216160743904, 0.431704340535467, 1.827312668014046, 2.5636522866478066, 2.1193083111926665, 0.4247529730527799, 1.8020423489990973, 0.600771885675228, 0.20355200395928041, 0.8163167939151023, 0.5718033307095468, 1.8328847214485169, 1.4524745236554513, 1.949653166781336, 2.1303018393371254, 1.1238741696887227, 1.9411358659164906, 1.9848016449682744, 1.3235155994798087, 1.3120859925886224, 1.4944155926450888, 1.582025930709965, 2.2598478400211452, 2.441777540199944, 0.8689824149550295, 1.54622574184712, 2.4577538001325516, 1.5658251989165255, 0.8345288125065767, 1.6055215051121887, 1.788769581285246, 2.926571926069969, 1.4281531248039423, 0.7139066453165891, 1.8302594672700419, 2.4636821190874, 1.0257790194726604, 0.7923043171568696, 1.3144166674694755, 2.1620114221142295, 1.8100201090077457, 1.781608237360026, 2.729203278966375, 1.6633864011260762, 0.9674695326547577, 1.1427543220464307, 0.5517123021963897, 0.6816361401037004, 2.097771607350542, 2.2678150621278044, 1.058815466658943, 0.2573038737464606, 0.7597426007206566, 1.8511161997723804, 2.490434282037703, 0.916767269816019, 1.9914496360283735, 1.25441346461786, 1.171020875725474, 1.9243308314649978, 1.834903708146927, 0.9916234768700678, 0.7133972210054332, 2.2669207387889623, 1.3998116318668834, 1.9854306466393425], "obj_val": -31.43437957763672, "time_elapsed": 300.53207635879517, "timeout_reached": true}