{"x": [0.7959235889895533, 2.8819780991126827, 2.3250785030689696, 1.2616638893830225, 1.5593059988715572, 1.5553666896096932, 2.226960624378581, 2.2711546948027994, 2.252568907743719, 0.607052733606844, 1.2763250933645391, 1.4252433001087783, 0.39429039437494273, 1.3501866964521756, 1.8914490830869275, 1.1084603943481812, 1.3338975520787013, 0.936294993835775, 0.3626279972425044, 2.2238834793496727, 0.9691585851946961, 2.3665449061653794, 1.9085339564416215, 2.204509305963957, 2.5589088072297783, 1.3127473176273834, 2.738268118206304, 2.0336698734394827, 1.3712278935954547, 0.16458383983396319, 1.0742743568481474, 1.692066894001152, 2.6803950618264, 1.8025975539964874, 0.6252544451608613, 1.9242154148625181, 1.8041880759014595, 2.449298201873923, 1.2806421219319342, 1.2586664653962618, 1.5635311244422037, 1.034765173551484, 1.0094857459140405, 1.358342959433143, 1.964510557787233, 0.33227117539607187, 0.5494285069791014, 1.6052118032567115, 2.7272604311648663, 1.708264092544593, 1.4969989032869866, 1.5413240503329533, 1.1653389261148723, 0.45476294756107394, 1.2066772508107004, 1.4269768498842166, 2.7506770592705676, 1.8166204653218843, 3.081228866916192, 1.4517460105057145, 0.491280336643346, 1.3634246836783317, 0.28064065358566204, 0.6360611685328231, 2.322224230120339, 1.950836770884258, 1.8212552979939973, 2.2199738898500794, 2.226240962069932, 1.5437439227122391, 1.8838678138194327, 1.9456957799608654, 2.3135415945579694, 2.236939571705452, 0.17259530328093353, 1.1019756791889024, 1.663142445529631, 1.5816621438581657, 0.6653966248759815, 0.6489813634666765, 0.649200534103263, 1.7238750497271507, 2.1499059654896326, 1.6362640105242325, 0.2923570040741814, 1.6310253154067873, 2.1843888918387684, 1.9104554657758592, 1.2961744323301194, 2.210181437128037, 1.6713813045852368, 1.5892028556548075, 1.5119055399349421, 0.9888508646793073, 1.0129670236116066, 1.6205187399410785, 0.503133865882339, 0.6775807981990075, 2.465906495495698, 2.5172013907071324], "obj_val": -29.34665298461914, "time_elapsed": 300.78074622154236, "timeout_reached": true}