{"x": [2.2047148118647852, 1.5774192560773228, 1.2879574265238278, 1.1154038517444675, 0.9976475495975077, 2.0296022472669986, 1.8790465427117913, 1.7576870243440754, 1.6571632925939683, 1.5721231447404729, 1.498960623664736, 1.4351455174286794, 1.3788432413470693, 1.7819515574390483, 1.7215287823377128, 1.6668630830464728, 1.617094718786662, 1.5715335860173363, 1.5296184731066014, 1.4908877078227514, 1.4549574245984842, 1.7081905544734972, 1.670643320268272, 1.6354679427734367, 1.6024247801896951, 1.5713067737022852, 1.5419339657263937, 1.5141491054566119, 1.4878140686062942, 1.6726559539279664, 1.6454564834458019, 1.6195421606883587, 1.594814876749294, 1.5711866834669208, 1.5485785022027803, 1.5269189967061187, 1.5061436205347887, 1.6517339041558952, 1.6304203144492608, 1.6099110653584705, 1.5901568045349443, 1.5711123372926066, 1.5527361222417189, 1.5349899837534453, 1.5178387193625726, 1.637945122429648, 1.6204264894403575, 1.603458205672918, 1.5870120506048484, 1.5710617798844588, 1.5555829612171752, 1.5405528221576354, 1.5259500963158248, 1.6281719158835402, 1.6133024549481116, 1.5988330803821795, 1.5847461670052558, 1.571025168331861, 1.5576544982156126, 1.544619505445115, 1.531906371513434, 1.620882736101884, 1.6079671316572828, 1.5953554284342728, 1.5830359032206045, 1.5709974317391366, 1.5592294950182977, 1.5477221090014666, 1.5364658036724308, 1.6152371782579302, 1.603821940782016, 1.5926453450664946, 1.5816992008461672, 1.5709756919052114, 1.560467375360019, 1.5501671481065602, 1.5400682318926175, 1.6107355813769864, 1.6005085853739356, 1.5904739498382676, 1.5806257208858587, 1.5709581937715784, 1.5614659123447059, 1.5521436444763035, 1.5429863757579998, 1.6070621744270341, 1.5977994910658933, 1.5886951463112793, 1.579744683631515, 1.5709438062712477, 1.5622884026275055, 1.5537745059859889, 1.5453983020796593, 1.537156121571115, 1.5955431623212002, 1.5872112872454003, 1.579008594339589, 1.5709317676493078, 1.562977631640219, 1.617362714761306], "obj_val": -102.69368600743275, "time_elapsed": 2.263216972351074}