{"x": [0.8854610788810026, 1.410398573956766, 1.174172352008, 1.1115718735977282, 1.974905168001042, 0.5575992136218058, 0.2849943714166159, 0.6778185279450625, 3.0693688428761234, 2.2274812226122016, 0.1349611608708079, 1.6805852723862256, 1.610712622903563, 2.130080519569902, 1.9183491676561462, 1.2402645034951505, 0.9327789994196134, 1.3811887338103495, 1.9867331412097766, 1.6624544099075285, 2.107423603859291, 2.055436049880779, 0.7951749815943391, 1.819871120572825, 1.124083303515552, 0.15175004958941196, 0.9838926226575107, 1.2570647867151965, 1.6966583763522147, 2.4883567983058357, 0.7071771929201007, 1.938312187784438, 2.0005888474221276, 2.187418771035066, 1.3473960121289479, 0.5757918719844892, 2.2790641551686077, 2.466214972235934, 2.288722595024076, 1.3579958157978005, 1.8852735677052341, 1.9998635150987354, 1.8785537959412757, 0.09675527518571059, 2.949662077321695, 0.8791125988642841, 0.3144370971949362, 1.2573354178472085, 2.215811663455172, 2.200235532364344, 1.9918013952340798, 0.008621692063558672, 1.3694335243155171, 2.66551817104952, 1.1352195861810237, 0.7649606930568014, 0.9690298216757457, 1.7506064133371386, 1.2229772401416847, 1.4541862355077457, 0.6581948485719745, 0.630944187316836, 2.362812692818773, 1.1882537384928196, 2.317010220315275, 0.3085876761647448, 1.9059613634729988, 1.6157366358200214, 1.8348829816241308, 2.607392968862358, 1.5810137809517895, 1.7935766737615628, 1.3488236851939188, 1.1666117406776026, 0.8528479348014569, 1.2249856045317138, 1.0620995855979085, 1.1524397310941121, 2.712682446773657, 0.7922033987537257, 2.138981113575538, 1.5947163071403738, 1.9084170578346842, 1.6144932224681139, 0.8963864242958217, 1.380294236082714, 0.7278134787040023, 2.7213233006820556, 1.6816438775218634, 1.461565132872561, 0.19737625513368973, 2.5117251052267555, 2.129552230424072, 2.116510548961282, 0.6986613616830093, 1.772632595755792, 0.5644658298360037, 0.8969533527567186, 0.4984380792213021, 1.617183708354061], "obj_val": -29.321029663085938, "time_elapsed": 300.79491448402405, "timeout_reached": true}