{"x": [9.788718307390809e-07, 1.6734834935050458e-07, 8.711621194379404e-08, -7.621247277711518e-07, 7.537599594797939e-08, -2.41783545789076e-07, 7.135695559554733e-07, 1.6010171457310208e-06, 5.95273872022517e-07, 3.7497987068491057e-07], "obj_val": 9.5367431640625e-07, "time_elapsed": 43.80222725868225, "timeout_reached": false}