{"x": [0.0, 0.0, 0.0, 0.0, 0.0, 0.0, 0.0, 0.0, 0.0, 0.0], "obj_val": 9.5367431640625e-07, "time_elapsed": 2.1018052101135254, "timeout_reached": false}