{"x": [-3.93189018364025, 12.488464699703568, -34.87221627682618, -12.376976127963152, -21.86155519783461, -25.981076388180085, -22.195498943138602, -9.976196452389328, -7.042077709962927, 2.9953759247887373], "obj_val": 20.583274841308594, "time_elapsed": 2.820788860321045, "timeout_reached": false}