{"x": [2.127156637298649, 11.959324625020706, 10.847182923021592, -2.075536520905007, -5.9250774511222435, 6.837019325024443, -6.065624090079346, 26.013177925874015, 27.479777198421946, -3.193221342582085], "obj_val": 19.594139099121094, "time_elapsed": 2.9472105503082275, "timeout_reached": false}