{"x": [-4.209088383145652, -30.75859918465804, 1.7414718800073614, -5.570546811783987, -4.054985549467924, -10.973276049271451, -20.000459360554505, 8.067550441328416, -13.268335225145341, -16.07605275268611], "obj_val": 20.07815170288086, "time_elapsed": 3.2416481971740723, "timeout_reached": false}