{"x": [-5.169240708369216e-05, -0.0001125284118899117, -0.00011812700444124857, 3.055597106538244e-05, -4.780535158488419e-05, 2.1190183446151423e-05, -1.3214970721264763e-05, -3.77657910206608e-05, 0.00010228150283353443, 5.227095473969712e-05], "obj_val": 0.00027751922607421875, "time_elapsed": 17.834628343582153, "timeout_reached": false}