{"x": [31.765583825595154, 2.8804734628529003, 31.226842932877965, 15.937490604193282, 11.173694515702309, -18.97423216193957, 31.917844661270138, -31.21196316869671, -18.358236797427363, -3.9672948373511625], "obj_val": 20.88107681274414, "time_elapsed": 2.954259157180786, "timeout_reached": false}