{"x": [0.0, 0.0, 0.0, 0.0, 0.0, 0.0, 0.0, 0.0, 0.0, 0.0], "obj_val": 9.5367431640625e-07, "time_elapsed": 2.0634729862213135, "timeout_reached": false}