{"x": [2.2335624089464547e-07, -1.4319223191705533e-07, 3.8060822407715023e-07, -3.556217561708763e-07, -7.169601776695345e-07, 2.3005506227491425e-07, 8.630703086964786e-07, 1.0719811034505256e-06, 7.79019705078099e-07, -1.1091386295447592e-06], "obj_val": 9.5367431640625e-07, "time_elapsed": 40.93370032310486, "timeout_reached": false}