{"x": [0.9999999998339026, 0.9999999953601635, 0.9999999963348416, 1.000000000984782, 0.9999999983165253, 0.9999999979847729, 1.0000000019180266, 0.9999999958928485, 1.0000000013185395, 0.9999999936472603], "obj_val": 7.6781630844471e-15, "time_elapsed": 48.664711475372314, "timeout_reached": false}