{"x": [-0.20852869929911372, 2.8240747885176933, -4.047556902314726, -0.6815861004163084, 7.864055464265095, 7.878992434504444, -8.21838011762651, -4.092947204190784, -8.319765975556782, -1.4402601385590192], "obj_val": 24.326135635375977, "time_elapsed": 4.2160234451293945, "timeout_reached": false}