{"x": [1.0000000027180844, 1.0000000058975989, 0.9999999970535844, 0.9999999979456664, 1.000000002899204, 1.0000000032952916, 1.0000000044074353, 1.0000000020819422, 1.0000000036946988, 1.0000000021663435], "obj_val": 7.699471892301177e-15, "time_elapsed": 50.75152921676636, "timeout_reached": false}