{"x": [0.9999988950384349, 0.9999974351299774, 1.0000038787994472, 1.0000041645844862, 1.0000045364964152, 1.0000014864837998, 1.000005333108629, 1.0000085783866848, 1.000003261502644, 1.0000031565906367], "obj_val": 9.008285783984604e-11, "time_elapsed": 36.6948184967041, "timeout_reached": false}