{"x": [0.9999999990466057, 0.9999999950775318, 0.9999999994049569, 1.0000000023783362, 0.9999999997973896, 1.0000000026005362, 0.9999999983839691, 1.0000000019888522, 0.9999999984254004, 0.9999999951976535], "obj_val": 7.667920762048901e-15, "time_elapsed": 54.141780376434326, "timeout_reached": false}