{"x": [0.9999999999065601, 1.0000000009123844, 0.9999999976317175, 1.0000000024272482, 1.000000004404693, 1.0000000024378664, 0.9999999985109587, 0.999999999591048, 1.0000000001869602, 1.000000006096664], "obj_val": 7.66532037090083e-15, "time_elapsed": 51.43691968917847, "timeout_reached": false}