{"x": [0.9999986609704383, 1.0000036788851072, 0.9999979473684873, 0.9999972966475691, 0.9999989718530647, 1.000001222821094, 0.9999997169116684, 1.0000020470290958, 1.0000025754527433, 1.000010416226499], "obj_val": 2.8357002510026597e-11, "time_elapsed": 41.70817804336548, "timeout_reached": false}