{"x": [1.0000000031369694, 1.0000000056012626, 1.000000002959669, 0.9999999938281534, 1.0000000010099819, 1.000000001976682, 1.0000000008822751, 1.000000003928001, 1.0000000040700452, 0.9999999894348766], "obj_val": 7.713235330661112e-15, "time_elapsed": 52.54808259010315, "timeout_reached": false}