{"x": [1.872548871061793, -8.273352889308699, -0.021540159028811068, -0.1682336003124713, 0.9715152032009169, 0.012225517525992546, -4.1957708201724095, 1.2229803215783677, -4.2340007919834735, -5.013337768463782], "obj_val": 12.334098815917969, "time_elapsed": 4.1045238971710205, "timeout_reached": false}