{"x": [2.208718781395021, 1.5644849432470365, 1.277424915571118, 1.1228540875789863, 0.9982492764220477, 1.5684435548182571, 1.456840784832957, 1.3631178283843293, 1.276492697214025, 1.5706829663795692], "obj_val": -9.386163711547852, "time_elapsed": 18.953245162963867, "timeout_reached": false}