{"x": [2.102654210131435, 2.882638529097238, 1.3240762102093369, 2.4908929577090007, 3.4430633423275174, 2.9336380982532146, -1.739511652101256, 1.6324331301919766, 1.9191501920855303, 1.0498059892507428], "obj_val": -2.25285005569458, "time_elapsed": 2.717736005783081, "timeout_reached": false}