{"x": [2.203414238544057, 1.570468860739008, 1.2850591639562774, 1.9232925909979226, 1.720676479441141, 1.5706793206721459, 1.4544135251659664, 1.7558668798150645, 1.655722754305895, 1.5709663247616996], "obj_val": -9.660045623779297, "time_elapsed": 12.613178491592407, "timeout_reached": false}