{"x": [2.2000021746107645, 1.5757314630344559, 1.2875053795171356, 1.9266935634000175, 1.7149107743675667, 1.5728393744912346, 1.8716975344237974, 1.3606832852777284, 1.2887662988723854, 1.8549950953414605], "obj_val": -9.466947555541992, "time_elapsed": 12.565757274627686, "timeout_reached": false}