{"x": [2.1525727441263394, 1.5707963267948966, 1.2993006653735564, 2.928274633901597, 2.617993877991494, 1.5707963267948966, 1.8810770827049996, 2.617993877991494, 1.9586472716825256, 1.5707963267948966], "obj_val": -7.608747482299805, "time_elapsed": 1.889061450958252, "timeout_reached": false}