{"x": [2.2019151083913746, 1.5705123371995873, 1.2848292043179281, 1.9228609109160253, 1.720767939173685, 1.570836958701391, 1.4544715261068841, 1.7559978696853396, 1.6558079593735888, 1.570861219184149], "obj_val": -9.660076141357422, "time_elapsed": 11.91726565361023, "timeout_reached": false}