{"x": [2.203111806980634, 1.5701235482174614, 1.284784550104292, 1.9231383763895948, 1.7204955512153344, 1.5711064847784684, 1.454386378806043, 1.7562345789415943, 1.6556575540727172, 1.5707580362425357], "obj_val": -9.66007137298584, "time_elapsed": 11.820146560668945, "timeout_reached": false}