{"x": [1.9603324961447777, 14.940744654772413, -11.0406826365232, 1.9488589512255095, 23.688000323578905, 26.887129427849167, -24.47254474837734, -20.980156322088686, -25.724854800945725, -8.134720970529537], "obj_val": 20.617446899414062, "time_elapsed": 2.354912281036377, "timeout_reached": false}