{"x": [-2.954655221287794e-05, 0.0001466215273353555, -7.455518309029685e-05, -2.6362526739376335e-06, -0.00014103344751958957, -0.00030717599963265245, -2.272708461248385e-05, 0.00018011211983548492, 2.8406082634546692e-05, -6.267313057151114e-05], "obj_val": 0.0005369186401367188, "time_elapsed": 14.712696552276611, "timeout_reached": false}