{"x": [-0.00013342141222949522, -0.00011375608119124081, -4.3191238518147657e-05, 1.1498628623485274e-05, 0.0001108880805844592, -5.4777658448301736e-05, 3.161171528631712e-05, -6.7284155846891736e-06, -5.042663502763389e-06, -3.50473627008796e-05], "obj_val": 0.00028514862060546875, "time_elapsed": 32.81620669364929, "timeout_reached": false}