{"x": [-1.0086183650059866e-05, 0.00013132337666377225, 4.815767175614383e-05, 0.00013175169527812614, 8.859403462224691e-05, -7.55880842859824e-05, -8.379139525516166e-05, -9.318745355813007e-06, -8.20415241378214e-05, 2.9113087165910656e-05], "obj_val": 0.00032329559326171875, "time_elapsed": 15.398688554763794, "timeout_reached": false}