{"x": [0.00019385653854442353, 9.807219848312343e-05, -5.3040455043174006e-05, 0.0002442516264693495, -0.0002144185123427178, -0.00025391502114757714, -0.0002177270931156272, -6.551574767854618e-05, 0.00014227839193381442, -0.0001053764766822951], "obj_val": 0.0006971359252929688, "time_elapsed": 17.079754114151, "timeout_reached": false}