{"x": [0.0, 0.0, 0.0, 0.0, 0.0, 0.0, 0.0, 0.0, 0.0, 0.0], "obj_val": -1.1442580120757384e-05, "time_elapsed": 0.020068883895874023}