{"x": [0.0, 0.0, 0.0, 0.0, 0.0, 0.0, 0.0, 0.0, 0.0, 0.0], "obj_val": 9.5367431640625e-07, "time_elapsed": 147.8483772277832, "timeout_reached": false}