{"x": [-1.941253249242436e-07, -8.108038091449998e-07, 7.394922213279642e-07, -8.334473059221637e-07, -6.535540887853131e-08, -3.476640231383499e-07, -8.730537083465606e-07, 1.583619734446984e-06, 4.5094595407135785e-07, 2.3777186288498343e-07], "obj_val": 9.5367431640625e-07, "time_elapsed": 20.978366136550903, "timeout_reached": false}