{"x": [-1.0637987252266612e-06, -4.6680868399562314e-07, 8.465610590064898e-07, -9.197678009513766e-07, -2.3046195565257222e-07, 1.5161511691985652e-07, -1.0275057720718905e-06, 9.658127237344161e-08, -1.612771666259505e-08, 1.0764675753307528e-06], "obj_val": 9.5367431640625e-07, "time_elapsed": 31.70561718940735, "timeout_reached": false}