{"x": [-1.1027102118532639e-06, -1.144473790191114e-06, 4.536955602816306e-07, -6.950197348487564e-08, -2.3255688211065718e-07, 1.0508643244975246e-06, -7.19962550647324e-07, -4.676272001233883e-07, 2.3195752874016762e-07, -5.758017105108592e-07], "obj_val": 9.5367431640625e-07, "time_elapsed": 41.39100670814514, "timeout_reached": false}