{"x": [1.1594239348715147, 3.4801380878238883, 4.039802945788319, -0.1060101402991831, 0.7583384484767537, 0.1006865292435129, -0.29817066949792453, 7.8624677173291015, 7.771763446285485, 0.6588072386050247], "obj_val": 7.97512674331665, "time_elapsed": 4.323300361633301, "timeout_reached": false}