{"x": [11.655302159690237, 0.7719923589034408, 7.803979541016217, 2.578358365580412, 2.9179931970164303, -3.8103671841774327, 11.913285727199394, -8.262778369735777, -4.548217157116421, -1.502132319890486], "obj_val": 34.31706619262695, "time_elapsed": 4.351143836975098, "timeout_reached": false}