{"x": [0.9999987737499109, 1.0000017722443346, 0.9999970133091304, 0.9999969198424101, 1.0000021976658615, 0.9999976521109916, 0.9999952068901192, 1.0000060442163587, 1.000004169988094, 1.0000181429582973], "obj_val": 7.702478932447576e-11, "time_elapsed": 42.92842435836792, "timeout_reached": false}