{"x": [0.9876543209876552, 0.7407407407407405, 0.7407407407407405, 0.7407407407407405, 0.9876543209876552, 0.9876543209876552, 0.9876543209876552, 0.7407407407407405, 0.7407407407407405, 0.7407407407407405], "obj_val": 0.13359348475933075, "time_elapsed": 2.814983606338501, "timeout_reached": false}