{"x": [0.0, 0.0, 0.0, 0.0, 0.0, 0.0, 0.0, 0.0, 0.0, 0.0], "obj_val": 1.442601203918457, "time_elapsed": 291.7611153125763, "timeout_reached": false}