{"x": [-0.6928268163169512, 2.4906063664985836, -12.211483000702561, -1.2313275785782947, -8.187765147137608, -8.163470712502459, -4.29477999268553, -4.135765194985778, -1.470488969129155, 2.2138342204990336], "obj_val": 33.11670684814453, "time_elapsed": 3.700005531311035, "timeout_reached": false}