{"x": [1.000008390233623, 0.9999933023112748, 1.0000047713311733, 0.9999958510779311, 0.9999931102080434, 1.000001315399372, 0.99999650663354, 0.9999971729590426, 1.0000023325247573, 1.0000043510984782], "obj_val": 1.599512466921027e-10, "time_elapsed": 38.38931083679199, "timeout_reached": false}