{"x": [7.722761762738527, 3.726760455264836, 3.726760455264836, 3.726760455264836, 3.726760455264836, 3.726760455264836, 3.726760455264836, 3.726760455264836, 3.726760455264836, 1.0], "obj_val": 7.253504920584251, "time_elapsed": 0.04670596122741699}