{"x": [1.000001402474748, 0.99999811499293, 0.9999998460820971, 1.0000001937087817, 0.9999991566404309, 1.0000008198892192, 0.9999986793819501, 0.9999975043332259, 1.0000006946576163, 0.9999986710928437], "obj_val": 8.981958406206747e-12, "time_elapsed": 41.19576168060303, "timeout_reached": false}