{"x": [2.2007748267254947, 1.5705259087413894, 1.2823290862430532, 1.110529520338085, 0.99328780208177, 2.027819469202006, 1.8773960668581609, 1.7561432194585112, 1.6557076812241576, 1.5707421863250284], "obj_val": -9.364726387521413, "time_elapsed": 0.27164697647094727}