{"x": [2.20190367999777, 1.5707420847613012, 1.285079390325671, 1.9232343383258161, 1.720670245071254, 1.5709170655282705, 1.4540440179619551, 1.755954472891549, 1.6556508281270208, 1.57077867368407], "obj_val": -9.6600341796875, "time_elapsed": 12.301531791687012, "timeout_reached": false}