{"x": [2.1871828147667873, 1.5748364498181793, 1.2879006181448935, 1.1067035118479385, 1.7250103961668897, 1.5778406747167912, 1.453975256711037, 1.3609097490757076, 1.283780349825457, 1.5723347706472732], "obj_val": -9.54019546508789, "time_elapsed": 16.29584503173828, "timeout_reached": false}