{"x": [1.4908522143412148, 0.11059175372280836, 1.3613955478026485, 1.3811837518584567, 1.0050642644906589, 0.3277298634882434, 1.07346584030143, 1.9397339558506248, 1.2879544067871966, 0.26477227944667103], "obj_val": -2.434706211090088, "time_elapsed": 3.2814435958862305, "timeout_reached": false}