{"x": [2.1751470382827804, 1.584911145801899, 1.2858248425519248, 1.9175077494888704, 1.7287500156176188, 1.5730777379602294, 1.454738567559528, 1.754475282906727, 1.6550246228101106, 1.8596291512710101], "obj_val": -9.565300941467285, "time_elapsed": 21.628814697265625, "timeout_reached": false}