{"x": [2.217807796470583, 1.581082585205055, 1.2773938943816647, 1.1247278931402367, 1.7193909296034275, 1.5629583242341225, 1.4574029455386872, 1.3608479652146588, 1.2802568249419584, 1.215986463153028], "obj_val": -9.463889122009277, "time_elapsed": 11.283044576644897, "timeout_reached": false}