{"x": [1.5707963267948966, 1.5707963267948966, 1.5707963267948966, 1.5707963267948966, 1.5707963267948966, 1.5707963267948966, 1.5707963267948966, 1.5707963267948966, 1.5707963267948966, 1.5707963267948966], "obj_val": -3.0048828125, "time_elapsed": 114.6089539527893, "timeout_reached": false}