{"x": [2.1243195420327057, 1.5500161208906098, 2.8268961722346497, -2.9216985275838114, 0.08086233209256571, 0.7404041545168021, -1.1146620948812038, 3.8973296865004583, 0.7472187537005093, 8.035638608433821], "obj_val": -2.9480772018432617, "time_elapsed": 3.1906180381774902, "timeout_reached": false}