{"x": [4.397745497170616, 1.6264782800877033, 1.8382412165775857, 2.5249168490058627, 4.201092036499707, 0.3435034431592335, -4.023897669337877, 1.853435664971067, 1.2766467202261347, 1.8772082931341179], "obj_val": -3.4387099742889404, "time_elapsed": 2.558018445968628, "timeout_reached": false}