{"x": [2.2018372079647346, 1.5708862878604641, 1.2850791832200796, 1.9232367750093395, 1.7206588718755, 1.570878076432824, 1.4543585100321783, 1.7559772262186524, 1.655662742040798, 1.5707478904602983], "obj_val": -9.660097122192383, "time_elapsed": 12.436556100845337, "timeout_reached": false}