{"x": [3.7663740666228023, 1.598231191918474, 3.785060573708291, 2.4022267730671327, 1.4307705779704332, 0.876941837143863, 2.2440149363983806, 0.13952437413492835, 0.24737144923513266, 1.8504996751770115], "obj_val": -2.590179920196533, "time_elapsed": 3.3462164402008057, "timeout_reached": false}