{"x": [2.1156950396185747, 1.5729533647376253], "obj_val": -1.6625523567199707, "time_elapsed": 2.9191391468048096, "timeout_reached": false}