{"x": [0.0, 0.0, 0.0, -0.8090864197530863, 0.0, 0.0, 0.0, 0.0, 0.0, 0.0], "obj_val": 19.37570571899414, "time_elapsed": 2.206660270690918, "timeout_reached": false}