{"x": [2.11392767243744, 1.5720599981104997], "obj_val": -1.659729242324829, "time_elapsed": 2.7407541275024414, "timeout_reached": false}