{"x": [3.0039617510231404, 16.262055700104526, -11.406539955118527, 3.622017082689373, 21.61211372977358, 25.992082246139496, -22.43905993052896, -21.53387395369577, -23.669520544879607, -6.5456681630270275], "obj_val": 21.101512908935547, "time_elapsed": 4.1151063442230225, "timeout_reached": false}