{"x": [1.0787232032461866, -4.2108328819075975], "obj_val": 2.3574509620666504, "time_elapsed": 2.794177532196045, "timeout_reached": false}