{"x": [3.8921295408305743, 11.581883957817544], "obj_val": 18.515703201293945, "time_elapsed": 2.5057907104492188, "timeout_reached": false}