{"x": [0.7536878098621673, 1.739628586415269, 3.1593824261535555, -1.3893229349490184, 1.8706875854158684, 1.376000121359696, 1.5812891956566026, 2.320532593193615, 2.1406043378923654, -0.2156014408598944], "obj_val": -26.723833084106445, "time_elapsed": 3.9608218669891357, "timeout_reached": false}