{"x": [0.6542818681101892, -0.07490176664452974], "obj_val": 8.81661605834961, "time_elapsed": 13.355823278427124, "timeout_reached": false}