{"x": [12.632687305923247, 6.982474630928889, -0.46644493509893076, -1.7703387363242837, 9.20122861788224, -2.2791756485127954, -2.0138320587704768, 6.370721321816462, 9.85500187842788, -6.6350156783148995], "obj_val": 19.96428871154785, "time_elapsed": 3.693434238433838, "timeout_reached": false}