{"x": [0.8036477165549059, 0.21619485262019822], "obj_val": -0.551064133644104, "time_elapsed": 10.629087924957275, "timeout_reached": false}