{"x": [0.6111341360353965, 8.185782187358598], "obj_val": 14.872093200683594, "time_elapsed": 2.3626480102539062, "timeout_reached": false}