{"x": [2.121768551301752, 1.6473044791833926, 1.3400084555982161, 1.094732404417118, 1.03664899506186, 0.8926148476468745, 0.8333432508440204, 0.7708808516651011, 0.7407493942480241, 1.3963003303643582], "obj_val": -3.2623095512390137, "time_elapsed": 47.52286672592163, "timeout_reached": false}