{"x": [3.761317951604724, 4.14810815313831, 0.39133706502616405, 0.7466014688834548, 1.3696243552840315, 1.6004150882663453, -0.2871070969849825, 2.6926897950470448, 2.2472033353460574, 0.9333110732259229], "obj_val": -30.522525787353516, "time_elapsed": 53.606409311294556, "timeout_reached": false}