{"x": [0.6543653643886671, -0.07534971064718832], "obj_val": 8.816610336303711, "time_elapsed": 11.85279893875122, "timeout_reached": false}