{"x": [0.32381356351879964, 4.803044389956016, -0.41914736596980384, 2.1837310765114375, 1.3473254692235228, 1.554346660884345, -1.3917004838615066, -3.4930942150193642, -0.33550076032478626, -1.8058137277976358], "obj_val": -4.456499099731445, "time_elapsed": 4.887183904647827, "timeout_reached": false}