{"x": [1.0711486785827473, 0.43393202079856197], "obj_val": -0.551064133644104, "time_elapsed": 2.535311222076416, "timeout_reached": false}