{"x": [1.5707963267948966, 1.5707963267948966, 1.5707963267948966, 1.5707963267948966, 1.5707963267948966, 1.5707963267948966, 1.5707963267948966, 1.5707963267948966, 1.5707963267948966, 1.5707963267948966], "obj_val": -1.7054084539413452, "time_elapsed": 148.01228880882263, "timeout_reached": false}