{"x": [13.114432495380433, -6.5653286550470655, 3.520604661543992, 4.195914340267423, 18.494422926738466, -5.881567589067862, 3.8297494566512325, -6.606155154437744, 0.6437768655030596, -3.0935675494454338], "obj_val": 20.0797119140625, "time_elapsed": 3.644547700881958, "timeout_reached": false}