{"x": [2.1203112814940823, 1.5759432594920768], "obj_val": -1.6541597843170166, "time_elapsed": 2.744076728820801, "timeout_reached": false}