{"x": [2.1150964176242573, 1.5727535095473355], "obj_val": -1.663313388824463, "time_elapsed": 2.595792055130005, "timeout_reached": false}