{"x": [1.5707963267948966, 1.5707963267948966], "obj_val": -1.0221073627471924, "time_elapsed": 1.9982550144195557, "timeout_reached": false}