{"x": [1.9188787551141893, 5.978746546129928, 2.088452037621053, 1.3244600544153418, -0.02452787030709913, 2.045664529069013, -1.7907510129406405, 0.2770260805448416, -2.206243051457287, 2.6148419262484457], "obj_val": -6.243684768676758, "time_elapsed": 6.1488072872161865, "timeout_reached": false}