{"x": [0.6548161696218457, -0.07547033819371052], "obj_val": 8.816657066345215, "time_elapsed": 5.766509294509888, "timeout_reached": false}