{"x": [1.069728377275169, 0.2011964377678055], "obj_val": -0.551064133644104, "time_elapsed": 10.629517078399658, "timeout_reached": false}