{"x": [2.268713461829399, 3.919706141511079, -0.3741652222404013, 1.9428174094239004, 1.5872719793190404, 1.5108341260388691, 1.842865179551989, 1.8219508008364405, 0.16465893504885365, 0.39694355374697565], "obj_val": -30.522525787353516, "time_elapsed": 12.049700498580933, "timeout_reached": false}