{"x": [2.115099993941266, 1.5727648432504306], "obj_val": -1.663329839706421, "time_elapsed": 5.449790000915527, "timeout_reached": false}