{"x": [7.355835235463521, -2.7860667074841112, 0.5098302625203578, 0.007661002771274071, -3.3242099626506496, -3.9294133641237603, 2.9715811667864838, 2.5462492110583845, -12.763035654148775, 1.0139764664143731], "obj_val": 19.76010513305664, "time_elapsed": 4.516781806945801, "timeout_reached": false}