{"x": [-0.36357694385262107, 0.1885400138119877, 0.22484492773114084, -0.3465471081709808, -0.4891528647864618, -0.1986217199297471, 0.3344283301712778, -0.06402081362747936, 0.24138955055198608, 0.1405056186579685], "obj_val": 19.355060577392578, "time_elapsed": 47.50585889816284, "timeout_reached": false}