{"x": [0.7401315789473659, 0.3026315789473675], "obj_val": -0.551064133644104, "time_elapsed": 2.5359573364257812, "timeout_reached": false}