{"x": [0.6675098441421214, -0.06783611548098634], "obj_val": 8.81826114654541, "time_elapsed": 2.7513015270233154, "timeout_reached": false}