{"x": [0.6543061931107113, -0.07545062987912676], "obj_val": 8.816601753234863, "time_elapsed": 2.6370294094085693, "timeout_reached": false}