{"x": [0.0, 0.0], "obj_val": 9.05265998840332, "time_elapsed": 2.088338851928711, "timeout_reached": false}