{"x": [-4.995189854081302, -31.310013176537886, 1.8996192129011764, -5.50743431996435, -4.4387877527775865, -10.504912338389957, -18.537085587605564, 7.283111878974581, -13.10028263357765, -15.388975210090772], "obj_val": 20.681617736816406, "time_elapsed": 4.123571395874023, "timeout_reached": false}