{"x": [0.6547674991723511, -0.07566809367887117], "obj_val": 8.816645622253418, "time_elapsed": 13.217789888381958, "timeout_reached": false}