{"x": [-3.80470615411847, 9.129294999979951], "obj_val": 15.886198997497559, "time_elapsed": 2.7895596027374268, "timeout_reached": false}