{"x": [1.0140067851842605, 0.18272760172140634], "obj_val": -0.551064133644104, "time_elapsed": 2.7607829570770264, "timeout_reached": false}