{"x": [0.0, 0.0, 0.0, 0.0, 0.0, 0.0, 0.0, 0.0, 0.0, 0.0], "obj_val": 19.376041412353516, "time_elapsed": 150.20365977287292, "timeout_reached": false}