{"x": [-0.34315522940597987, 0.18818449733595344, 0.21841085343220357, -0.3144447235336685, -0.053495705477388356, -0.21955255981845312, 0.32740963237709764, -0.0737257265153346, 0.27254107124130655, 0.08022611864427631], "obj_val": 19.355154037475586, "time_elapsed": 47.33790731430054, "timeout_reached": false}