{"x": [0.975438038549179, 0.38109759536334664], "obj_val": -0.551064133644104, "time_elapsed": 2.5060575008392334, "timeout_reached": false}