{"x": [-2.7143076539952657, -6.45122763817751], "obj_val": -7.780464172363281, "time_elapsed": 2.613723039627075, "timeout_reached": false}