{"x": [1.041669294005048, 0.28668153811377484], "obj_val": -0.551064133644104, "time_elapsed": 2.6164636611938477, "timeout_reached": false}