{"x": [2.1224211071590764, 1.6247191263247442, 1.3347620627256072, 1.121210660923012, 1.0341830366402052, 0.9037787879751127, 0.9681280258090399, 0.894398810108758, 0.7426961944997511, 1.570290124841505], "obj_val": -3.2120680809020996, "time_elapsed": 12.730833053588867, "timeout_reached": false}