{"x": [8.416485449805537, -2.969049661026991, -3.921398018754473, 1.2546912736418163, 5.494542110935261, -10.605196796378227, -1.9187453251479711, 5.914312856202072, -4.528902240222942, -3.4998455959926904], "obj_val": 19.89783477783203, "time_elapsed": 4.028560161590576, "timeout_reached": false}