{"x": [0.0, 0.0, 0.0, 0.0, 0.0, 0.0, 0.0, 0.0, 0.0, 0.0], "obj_val": -6.386991500854492, "time_elapsed": 238.98503518104553, "timeout_reached": false}