{"x": [2.4351594514156942, -10.048839194971304], "obj_val": -11.625060081481934, "time_elapsed": 2.6380631923675537, "timeout_reached": false}