{"x": [1.20687707370714, 3.1510578354366015, 1.659993842274221, 1.462161863937086, 2.1193299488578843, 1.3613954399686068, 2.207731820972798, -1.3555038458866786, 0.556471855310241, 0.44750107023231234], "obj_val": -30.522525787353516, "time_elapsed": 13.420279502868652, "timeout_reached": false}