{"x": [-0.3381491680876252, 0.18790580661452339, 0.21452385522314898, -0.32495577985378077, -0.019221547475339662, -0.24076163193487332, 0.3379907271050797, -0.07229452984199725, 0.27634054876160974, 0.08507996615941238], "obj_val": 19.355220794677734, "time_elapsed": 47.39726114273071, "timeout_reached": false}