{"x": [1.0247988050565437, 0.20609470435176247], "obj_val": -0.551064133644104, "time_elapsed": 2.6262810230255127, "timeout_reached": false}