{"x": [2.130588353951788, 5.87264929516026], "obj_val": -0.9083686470985413, "time_elapsed": 2.915613889694214, "timeout_reached": false}