{"x": [0.8344544607335009, 0.947453301928718], "obj_val": -0.3345249891281128, "time_elapsed": 2.537083864212036, "timeout_reached": false}