{"x": [0.6923645170219025, -0.08981645386214586], "obj_val": 8.820290565490723, "time_elapsed": 2.722992181777954, "timeout_reached": false}