{"x": [2.1525727441263394, 1.6095814212836597, 3.0834150118566486, 1.105375192929742, 1.066590098440979, 1.066590098440979, 1.105375192929742, 1.105375192929742, 1.105375192929742, 1.415655948839845], "obj_val": -2.7564425468444824, "time_elapsed": 2.967432975769043, "timeout_reached": false}