{"x": [2.121687105083165, 1.6472472002529273, 1.340213208009784, 1.0954269022983887, 1.037047262532095, 0.8926176032455331, 0.8332544560349144, 0.770870492546881, 0.7406735965266167, 1.396454530988172], "obj_val": -3.2625255584716797, "time_elapsed": 47.90518140792847, "timeout_reached": false}