{"x": [0.0055532263801758575, 9.277560568744946, 0.13699164469313707, 2.8139316877770533, -1.4969085205760444, 2.6816881598002325, 0.9685244464067244, 1.4464847760219919, 1.4953538066925465, 0.5576309235243182], "obj_val": -12.800858497619629, "time_elapsed": 6.872830867767334, "timeout_reached": false}