{"x": [5.065066288390133, -0.9881800990202099, 4.487288337860605, 1.97356280659324, 1.5909830283108608, -1.2678316099352924, 5.597313275526873, -8.828435922795748, 0.8014375229362642, -0.7679334512693845], "obj_val": 43.1275749206543, "time_elapsed": 3.8635098934173584, "timeout_reached": false}