{"x": [2.1238798190624624, 1.6412097052949848, 1.3385076102439084, 1.0910164984990807, 1.008621732692954, 0.917107156384643, 0.9421027834456948, 0.9010932504239929, 0.7553803065627246, 1.5008199906854498], "obj_val": -3.2135181427001953, "time_elapsed": 14.990302085876465, "timeout_reached": false}