{"x": [0.0, 0.0, 0.0, 0.0, 0.0, 0.0, 0.0, 0.0, 0.0, 0.0], "obj_val": 19.376041412353516, "time_elapsed": 151.23393297195435, "timeout_reached": false}