{"x": [0.6544368565203627, -0.07555835602774152], "obj_val": 8.816618919372559, "time_elapsed": 13.210875034332275, "timeout_reached": false}