{"x": [29.1431824512606, 7.0182810272130824], "obj_val": 21.675371170043945, "time_elapsed": 2.5860252380371094, "timeout_reached": false}