{"x": [0.9919138206702538, 0.4342888343242297], "obj_val": -0.5499970316886902, "time_elapsed": 2.5811188220977783, "timeout_reached": false}