{"x": [0.7396806090614518, 0.2649909570645832], "obj_val": -0.551064133644104, "time_elapsed": 10.687645196914673, "timeout_reached": false}