{"x": [2.121696292057072, 1.6472585532111221, 1.3404479755696403, 1.0946895483469152, 1.0369167604714722, 0.892458935783492, 0.8332856965207509, 0.7706356062074331, 0.7406981569938829, 1.3964330142448302], "obj_val": -3.262655735015869, "time_elapsed": 48.79220795631409, "timeout_reached": false}