{"x": [-3.0577247997755803, -2.8161400963204524], "obj_val": -3.7472610473632812, "time_elapsed": 2.9877612590789795, "timeout_reached": false}