{"x": [0.024763048403976428, 0.33314531340760734, -1.1246635460776198, 9.586737380650353, -0.14382920225057752, 7.770766223205996, -4.0209615349815, -0.9915810853375734, 1.1013963580103445, -2.403537388719022], "obj_val": 19.700565338134766, "time_elapsed": 4.227212429046631, "timeout_reached": false}