{"x": [2.1217925503871378, 1.647309820542766, 1.3404136742663324, 1.0950189318068109, 1.0369871297708002, 0.8925113317134876, 0.8333750683716756, 0.7706381222135099, 0.7407168840764249, 1.3959921216593614], "obj_val": -3.2626190185546875, "time_elapsed": 47.57078456878662, "timeout_reached": false}