{"x": [2.1362708306452594, 1.642955661374043, 1.3312072747574375, 1.0877478955167357, 1.0204761908223237, 1.0751628631201084, 0.9336035729479085, 0.9022561204094864, 0.796457427663725, 1.4128772365843725], "obj_val": -3.1972737312316895, "time_elapsed": 12.813834190368652, "timeout_reached": false}