{"x": [0.0, 0.0], "obj_val": 0.8156876564025879, "time_elapsed": 2.058668851852417, "timeout_reached": false}