{"x": [0.0, 0.0, 0.0, 0.0, 0.0, 0.0, 0.0, 0.0, 0.0, 0.0], "obj_val": -6.386991500854492, "time_elapsed": 239.94518113136292, "timeout_reached": false}