{"x": [0.0, 0.0, 0.0, 0.0, 0.0, 0.0, 0.0, 0.0, 0.0, 0.0], "obj_val": -6.386991500854492, "time_elapsed": 237.4417028427124, "timeout_reached": false}