{"x": [0.0, 0.0], "obj_val": 0.8156876564025879, "time_elapsed": 1.9716126918792725, "timeout_reached": false}