{"x": [1.095472748229895, 0.3034510369616328], "obj_val": -0.551064133644104, "time_elapsed": 10.55406641960144, "timeout_reached": false}