{"x": [-2.9515114335607686, -30.509983781736977], "obj_val": 22.100772857666016, "time_elapsed": 2.8422091007232666, "timeout_reached": false}