{"x": [1.5707963267948966, 1.5707963267948966], "obj_val": -1.0221073627471924, "time_elapsed": 2.0141568183898926, "timeout_reached": false}