{"x": [2.121758980826135, 1.647355192509447, 1.340467496110092, 1.0949096495185362, 1.0369438684645758, 0.8924970669473584, 0.8332780445406476, 0.7708207057377194, 0.7408236852376637, 1.3961589164399042], "obj_val": -3.2626285552978516, "time_elapsed": 48.85615658760071, "timeout_reached": false}