{"x": [-0.3509766131255958, 0.18751098314456272, 0.22467450330898942, -0.35392055995941973, -0.32353863647568915, -0.20338504087817455, 0.34231951936487803, -0.06929009066774938, 0.2539373631440469, 0.12793495676314137], "obj_val": 19.355127334594727, "time_elapsed": 48.88251042366028, "timeout_reached": false}