{"x": [2.115104774570325, 1.5728200582053233], "obj_val": -1.6632585525512695, "time_elapsed": 11.866318464279175, "timeout_reached": false}