{"x": [1.586386820068583, -3.016676811792422, 0.5000304211862385, 0.6727222746994812, 1.337322018400834, 2.134046157822013, 0.37750956416130066, 1.5841414951719344, 2.238657921552658, -1.1757125705480576], "obj_val": -30.522525787353516, "time_elapsed": 53.6618230342865, "timeout_reached": false}