{"x": [-0.11173428374166572, 0.16267819898942104, 1.3650499147634743, 0.32415649944525615, 2.0098358308130915, 2.5026223813473547, 2.4589103336791696, -0.27115123065859614, 1.71213334090077, 0.3931954709190477], "obj_val": -30.522525787353516, "time_elapsed": 14.271451711654663, "timeout_reached": false}