{"x": [2.1175510065670853, 7.097223004369315], "obj_val": -1.0063691139221191, "time_elapsed": 2.8100616931915283, "timeout_reached": false}