{"x": [4.14754227859504, -1.292168473254226, 0.0918970893256632, 1.1964551181594318, 1.9454113743313517, 1.4856263938275682, 2.3594251214893225, -1.2562495964727505, 1.0084927405939625, 1.1601804393594017], "obj_val": -30.522525787353516, "time_elapsed": 12.731686353683472, "timeout_reached": false}