{"x": [1.4058190976586764, -3.2547471483334074, 2.018712723762504, 1.3651339441550983, 0.7696647011901037, 1.1715273736105503, -4.357348374906006, 2.2066428070385173, -1.969073674669257, -1.9030474651901224], "obj_val": -7.167110443115234, "time_elapsed": 5.609571218490601, "timeout_reached": false}