{"x": [1.5707963267948966, 1.5707963267948966, 1.5707963267948966, 1.5707963267948966, 1.5707963267948966, 1.5707963267948966, 1.5707963267948966, 1.5707963267948966, 1.5707963267948966, 1.5707963267948966], "obj_val": -1.7054084539413452, "time_elapsed": 163.56725454330444, "timeout_reached": false}