{"x": [0.0, 0.0, 2.222222222222223, 2.222222222222223, 0.0, 2.222222222222223, 2.222222222222223, 2.222222222222223, 2.222222222222223, 0.0], "obj_val": -30.522525787353516, "time_elapsed": 20.509477138519287, "timeout_reached": false}