{"x": [0.0, 0.0], "obj_val": 0.8156876564025879, "time_elapsed": 2.0522301197052, "timeout_reached": false}