{"x": [1.3564831912517548, 3.978260565549135, -1.0261722624018148, 1.9269886799156666, 2.448313632979989, 2.5570516511797905, 2.280440804817772, 1.6376779098063707, 0.994258058422929, 1.6587711051106453], "obj_val": -30.522525787353516, "time_elapsed": 54.04278540611267, "timeout_reached": false}