{"x": [2.3189064724720083, 0.09115754638332874, 0.10525223985314369, 0.09382769744843245, 2.139670182019472, 2.787925437092781, 2.28952463157475, 0.7876420464453986, 1.809647835791111, 1.5234035067260265], "obj_val": -30.522525787353516, "time_elapsed": 53.938334941864014, "timeout_reached": false}