{"x": [1.0986610892322357, 0.3088542983809628], "obj_val": -0.551064133644104, "time_elapsed": 2.679743766784668, "timeout_reached": false}