{"x": [0.641390699594478, -0.06948622305631216], "obj_val": 8.820025444030762, "time_elapsed": 2.808304786682129, "timeout_reached": false}