{"x": [2.3405560283425397, 1.6493547647856537, 0.24425055240315818, 2.681867292959618, 1.285022717731865, 1.0929480423915487, 0.7942834104701267, 2.3838450322959277, 1.0071446131029191, 4.268094956647467], "obj_val": -1.720392107963562, "time_elapsed": 8.713753461837769, "timeout_reached": false}