{"x": [0.6403498144036057, -0.041092322204716765], "obj_val": 8.82030963897705, "time_elapsed": 2.6185779571533203, "timeout_reached": false}