{"x": [-0.3486076734523067, 0.1874181735430227, 0.22157764208327535, -0.3394634727763304, -0.2195348360095437, -0.22691253241671916, 0.33476728456003, -0.07139141692630346, 0.26238460205064484, 0.10113914121342304], "obj_val": 19.355119705200195, "time_elapsed": 47.01930284500122, "timeout_reached": false}