{"x": [0.0, 0.0], "obj_val": 0.8156876564025879, "time_elapsed": 2.027467966079712, "timeout_reached": false}