{"x": [0.0, 0.0, 0.0, 0.0, 0.0, 0.0, 0.0, 0.0, 0.0, 0.0], "obj_val": -6.386991500854492, "time_elapsed": 238.7244894504547, "timeout_reached": false}