{"x": [2.1152332831635583, 1.5726727322985816], "obj_val": -1.663093090057373, "time_elapsed": 11.692758083343506, "timeout_reached": false}