{"x": [2.1150960281724975, 1.5727848516919938], "obj_val": -1.6633129119873047, "time_elapsed": 12.162941694259644, "timeout_reached": false}