{"x": [0.4637665704792573, 3.766672445422415, 0.207664914785125, 1.6553856021776963, 0.7185675966497655, 1.1863114245418858, -0.6443555521741442, -0.41831522126911297, -0.19614184898138165, 0.7080763797782545], "obj_val": -1.8871487379074097, "time_elapsed": 7.1875011920928955, "timeout_reached": false}