{"x": [2.1171582352504017, 1.5712319710934557], "obj_val": -1.659520149230957, "time_elapsed": 2.821477174758911, "timeout_reached": false}