{"x": [3.015352518347898, 3.3126323559336757, 0.7909869293579264, 1.212240490486567, -0.8743448560938183, 1.9174442061644537, 2.1272420416655513, 0.6053608546187195, 1.948122236349632, 0.7259255239137441], "obj_val": -30.522525787353516, "time_elapsed": 14.63676929473877, "timeout_reached": false}