{"x": [2.126386301034195, 1.6492884961630925, 1.344580930004092, 1.178084073808259, 1.0145016184462392, 1.0286443863562376, 1.011513252717362, 0.775024004009891, 0.7435274915916912, 1.4872973281114517], "obj_val": -3.1963024139404297, "time_elapsed": 10.01102876663208, "timeout_reached": false}