{"x": [0.9383806296046089, 0.21660370379686356], "obj_val": -0.551064133644104, "time_elapsed": 10.581682443618774, "timeout_reached": false}