{"x": [0.7407407407407405, 0.24691358024691468], "obj_val": -0.551064133644104, "time_elapsed": 5.483335494995117, "timeout_reached": false}