{"x": [2.11516400544253, 1.572754106513341], "obj_val": -1.6632609367370605, "time_elapsed": 12.253846883773804, "timeout_reached": false}