{"x": [1.1501583474762995, 1.4710263721962846, 4.77265996184897, 0.7865289805324337, 1.0434962530903467, 2.2636990444911533, 1.5999736746469235, 1.4088008836650214, 3.2176371020580663, 1.9969368713940834], "obj_val": -1.6786588430404663, "time_elapsed": 9.666061639785767, "timeout_reached": false}