{"x": [0.636277927036288, 0.03588130623414327], "obj_val": 8.821816444396973, "time_elapsed": 2.884643793106079, "timeout_reached": false}