{"x": [3.292585471591831, 4.047996972519868, -3.020204306570867, -0.8448608731894172, -0.8588370339324994, -0.12226153170554321, -6.647314695896994, -1.1118153956565404, 1.3273193425137937, -0.7638408179029267], "obj_val": 17.01551055908203, "time_elapsed": 4.057437896728516, "timeout_reached": false}