{"x": [0.6543196549440893, -0.07540562201273815], "obj_val": 8.816604614257812, "time_elapsed": 13.561691999435425, "timeout_reached": false}