{"x": [2.115316429598514, 1.572183974237333], "obj_val": -1.6623725891113281, "time_elapsed": 2.860738754272461, "timeout_reached": false}