{"x": [0.0, 0.0], "obj_val": 9.05265998840332, "time_elapsed": 2.2270519733428955, "timeout_reached": false}