{"x": [2.133555059883261, 1.643012366547608, 1.340996019113647, 1.1217621375201812, 1.037824379063498, 0.9411483449080075, 0.8878606663673926, 0.9020234161230052, 0.9763803152668975, 1.580533387295988], "obj_val": -3.2004103660583496, "time_elapsed": 12.228018522262573, "timeout_reached": false}