{"x": [0.7401315789473659, 0.3026315789473675], "obj_val": -0.551064133644104, "time_elapsed": 2.7064971923828125, "timeout_reached": false}