{"x": [0.0, 0.0, 0.0, 0.0, 0.0, 0.0, 0.0, 0.0, 0.0, 0.0], "obj_val": 19.376041412353516, "time_elapsed": 149.09149718284607, "timeout_reached": false}