{"x": [34.777974930459095, 3.381316259808643, 32.449725879947096, 13.637182442983708, 8.871494161906206, -18.006546278519625, 30.017202952049125, -33.42810300583415, -14.030406609325503, -3.040181942223173], "obj_val": 21.53226089477539, "time_elapsed": 4.105599641799927, "timeout_reached": false}