{"x": [-1.7081842049956322, 2.7168316594325006, 1.5471222139894962, 2.165786035358906, 1.832781596109271, 2.336189982786891, 0.6041500072460622, 2.2189237475395203, 2.6892549842596054, 3.4244352160021663], "obj_val": -30.522525787353516, "time_elapsed": 54.11561965942383, "timeout_reached": false}