{"x": [1.865603744568333, 11.40968217307038, 11.124639235090177, -1.2893188533418458, -6.705877737904326, 5.772762288630214, -6.270497131015196, 27.392011121923094, 28.642090228991947, -1.6621851699108499], "obj_val": 20.460372924804688, "time_elapsed": 4.134088516235352, "timeout_reached": false}