{"x": [-3.909731661762771, 13.089098667718789, -32.442941394913205, -10.888424295750054, -21.277365829547666, -24.437687523502824, -21.94363714890672, -8.846222743656948, -4.9700142303222785, 1.6018901658771956], "obj_val": 20.85211944580078, "time_elapsed": 4.133995294570923, "timeout_reached": false}