{"x": [2.115153743210593, 1.572757192850652], "obj_val": -1.6632742881774902, "time_elapsed": 12.266315698623657, "timeout_reached": false}