{"x": [0.8763357963566132, 0.33556474815411574], "obj_val": -0.551064133644104, "time_elapsed": 2.5350565910339355, "timeout_reached": false}