{"x": [-13.688660343960722, -10.363780106634309, -3.0434173056181173, 13.506155238717598, 6.951260578936454, 16.07369443547807, -6.96276628215496, -25.115254828677003, -14.674371628107503, 15.041029597915687, 0.11324998800814501, 9.645821827247492, 16.564997140478575, 14.034537200966108, 0.11536159328743088, 8.657032100595577, 6.594783447382441, 3.1068118923491057, 15.985548664071132, -17.610401568631513, 10.374078850821563, 22.81360400317359, 11.416955486192055, -3.209051872280925, 1.888835126391612, 1.248685836419405, 11.982408979512547, -9.33028593805624, 24.55766612338554, -12.611901910763677, -7.046155710025738, 4.069161683760809, 9.358367373565066, -8.046791658798764, 25.581470255119115, 10.608731810741439, -4.927339248133893, 11.858649136114794, -1.2014966854083395, 5.982147256567136, -5.09165040432063, 12.655586978895684, 14.938844594026538, 21.710853703212962, -0.4221167388716931, -31.375791558592006, -0.8568705104395958, -13.643751790035378, 16.163581133293782, 10.106607818544784], "obj_val": 20.11933135986328, "time_elapsed": 3.037405490875244, "timeout_reached": false}