{"x": [9.316166205053378e-05, 0.0002247542034581329, 0.00015794416242442821, -0.00027109206328645996, -0.0003117225425626202, -0.0004178546603270661, -5.571616864585849e-05, 0.0002567792813295, 0.0002735615577336148, -8.2332507346905e-05, 0.000639285431219605, -0.0001387573656757013, 6.42322897874692e-05, 0.0005248674622890803, -6.714151118103473e-05, 0.00018078788210118546, 0.0001504768472102569, 0.00015738965176126385, -0.0003882247505231362, -0.0003237490657568287, 0.00031789081290867216, -0.00029822756265218686, -0.0002632168122715939, -3.229946054261745e-05, 0.00010430758334223356, 0.0002594381227680742, -0.0004264850545041554, -0.0002439606057293986, -0.00038156611614681424, 6.36837617804531e-05, -0.00014763474720780323, 0.000123031037844612, -0.0004742001034117038, 0.0003064552020788369, -9.437922602728577e-05, 0.00016594350522325385, -0.00043005613940749754, -0.0002376275467099731, 0.0005726913018690993, 0.00024082081728238336, -3.326172162587682e-05, 0.00038235284449683604, -0.0005083261424658758, -0.00041905047396539885, 0.00031210706166007185, -5.916443322462328e-05, 0.00016299058884783335, 4.101151040458717e-05, -0.00024046771156349678, -0.0002857805372400435], "obj_val": 0.0011663436889648438, "time_elapsed": 79.97023701667786, "timeout_reached": false}