{"x": [31.53043284017829, 2.485228831800662, 30.59420459042231, 13.794676205881558, 13.266456161649268, -18.880412698887397, 31.80515908244405, -33.85763761110207, -17.01656827773498, -3.94883789111534, 16.957635458388754, -19.81865119415504, 22.045351447715742, 31.11416851923063, -21.02742094062888, 7.743083405328964, -32.386159461672214, -8.05799480970482, -26.900776909048304, 29.557417138989113, -3.992572734903219, 33.012278527361865, 21.19501534641359, 24.078791687619347, -19.17441590099033, -28.431695922372008, 9.260302670888342, -22.97239415686526, 14.919208015812403, -6.0917768995126345, -1.0674485845589194, 29.513248258611107, 3.0703813667962305, -25.80470707913845, -23.09774334775934, 2.8134310003491727, 0.8759376819843109, 5.245109062526127, -4.978704012455461, 11.469752300823085, -6.827427434673721, 8.955353121677067, 18.003196017355364, -19.570354298478872, -10.52749507752297, 1.0991334997818432, 12.867691104403836, -14.589257466471517, 1.202922505127622, 6.19894778264008], "obj_val": 20.921573638916016, "time_elapsed": 3.8030669689178467, "timeout_reached": false}