{"x": [5.5686655734397235, 9.080018841753638, -13.574336988080102, 4.958527911725935, 24.762862099357708, 27.17425171374762, -26.236516585874764, -17.106274431975706, -27.68657020783906, -5.314509916637411, -36.09491011331171, -1.069488272644766, 8.388663555290462, -13.300010296684354, 15.173252078592498, 7.9920926068005995, -35.09290436020177, 2.59621681160112, -17.444751547653464, -7.213835666652856, -12.48654602044307, 11.31462906604566, -5.963622763334495, -21.037061235407347, 4.087265527984455, 16.033433716908505, -13.212833649791072, -17.1877810169614, -7.573065119154185, 25.03729124177066, 31.06860998109, 14.068344237709397, 28.047904921753638, 21.206549833289877, -4.3250728064128925, -27.06189651006429, 11.511194329835336, -0.6541499611277187, -6.032407056807582, -21.965313130845217, -1.8983063212171736, -5.046681623179246, -14.624190282204905, -17.181741582487003, 0.1146538378212657, 24.029902909966903, 7.5098408901346945, -11.60352517935526, -16.09994742310431, 1.049569021010082], "obj_val": 20.7735595703125, "time_elapsed": 3.846036434173584, "timeout_reached": false}