{"x": [-0.00014544362292667756, -0.00023676970013752907, -0.00018127197462547429, -8.908459022904935e-06, -0.00028386084032661074, 7.662119247697774e-05, -0.00015328147269144665, -0.00027881973844046115, 0.00023921809946614303, 0.0002389725258069575, 0.0001029728185244494, -0.00030127240586352855, -0.0005465116672951353, -3.487063430895887e-05, 7.289940887744706e-05, -0.00034269419838039994, 0.00020484499952999613, -0.00030529368336829066, 5.3519724616535314e-05, 0.00024319647494053243, 0.0003389447896040565, -0.00012807042593010465, -0.00041535022873517846, -1.4414865631806606e-05, 0.00020834277255232792, 1.8488024835505712e-05, -0.0003197173082298832, -0.00012535376271216592, 0.0004086798788875967, -0.00023910566252993704, 1.0541964059029851e-05, 0.0002798129792438431, 0.0003445668171622174, 0.0004587427565354574, 0.0003139049568972041, 0.000370795228860743, -0.0004902414584933013, -0.0003599428833069851, -0.00035550086244029444, 0.00012892848128842616, -0.0005231259112576936, -0.00039934764430427094, -0.0002997189163238545, -0.0005159371085596831, -0.00019015719196602276, -0.00031035579267779667, 4.647973089788593e-05, -6.560018506718279e-05, 6.016112386930672e-05, -0.00010857627198390674], "obj_val": 0.0011243820190429688, "time_elapsed": 71.69415640830994, "timeout_reached": false}