{"x": [2.1151886725165445, 12.835870482154997, 5.737914192426863, 2.8990271812630195, -4.801330557434629, 10.325719854843015, -3.5577188103688364, 23.90144054769717, 30.624248821544697, -8.211717651361838, 21.053324909336585, 0.02247123314066024, 5.935447059530717, 29.807288093954714, -26.465214527013735, -26.786835853695578, -31.165251658368906, 22.120832793435994, 18.86391193728396, 23.803945602794464, 30.08784062213209, 20.06869120086431, -1.802243508989084, 17.463600735994515, -24.340761934413315, 7.214162377574884, -24.073430220134178, 26.93438264849987, 1.7746919388924307, -5.487026464644504, -14.07147141767538, 17.121579911279902, -3.2612500776346725, 4.651482743469961, -32.11998496638102, 8.797244598039848, 5.863669928102235, 7.8473846533380875, 27.428791358933108, 13.652347446373318, -11.02498552567358, -3.865530723356338, 12.247348078454724, -29.25941111481154, 11.033509104281976, 10.62728278612444, -21.715358263988634, -23.009494636283684, -10.893713375844847, -9.712540331656804], "obj_val": 20.868255615234375, "time_elapsed": 6.95273756980896, "timeout_reached": false}