{"x": [14.198428650566791, 10.106080230319924, -20.52718723628373, -7.073069607998703, 13.738422985966093, -18.102522464062726, 9.060389515911229, -12.07521255368077, -3.8248895499290594, 3.2133608332679504, -2.601535536673393, 0.6860244130387, -8.409880257977989, 9.202810764440168, 17.095621488513178, 9.01512912642541, 14.929044436932687, -3.872182789541654, 18.8239334713555, 10.270981639838945, 21.115509355385722, -21.048175395280136, 23.382001592734667, -0.86119518365548, 8.952909459272007, 14.020427795734614, -27.33308498809772, -21.46239298811241, -21.674393961817593, 5.798027186091859, 13.49264105379788, 12.973508032217621, -2.167764447067246, -6.195339205347817, 16.824070814560248, 23.24688167094242, 25.096068998064496, 22.154916547099862, 14.56639940268368, 7.244082386153329, -2.9703932271090854, -25.46648065843645, 22.141593482226956, -25.84016180362394, -22.390501740183662, -7.973333378866963, -20.510008896379695, 5.489353042105933, -12.488649208258598, -6.833322245362357], "obj_val": 20.60330581665039, "time_elapsed": 2.6682984828948975, "timeout_reached": false}