{"x": [0.00017163630104732874, -0.00015555711705417252, 0.00020266281964609334, -0.0005631789184405989, -3.248563913871294e-05, 0.0001520352422232918, -8.4722716962915e-05, 0.000303611970394968, 0.0008640965425001923, -0.0001914521907337985, 6.015838374651139e-05, -0.00041749229504262075, 0.0005432321743228385, -0.00037689924423034427, 0.0008907751540618847, -0.0003730768877119317, 0.0004985031493163206, 0.0002152414639624567, -0.0003383094104947304, -0.00015023293269678106, -0.00020671770920444033, 0.00017716109010734726, -0.00011176520479239116, 9.452188426450903e-05, -0.00020812743051124016, -0.0003332018316655194, 3.370481539377579e-05, -6.388838696125276e-05, 0.0001324415829060399, -0.0001497541737762731, 6.604350281236293e-05, 2.7753138994057736e-05, -1.3987704917894916e-05, -0.00018948168400356735, 6.314759254166802e-05, 0.00048700332703788263, 0.00024426814155731336, -0.00035970395910567277, 0.00011725726284339544, 0.00027762415609799973, -0.0004857687465289473, -0.0002208350474859344, -0.00020697145417614138, -0.00021088965961268968, 0.0004541149586430038, 0.00016782187103103752, -0.00018089102171359173, -0.00017220921418470425, 0.00030414393646083226, 0.00033431946047812744], "obj_val": 0.0012731552124023438, "time_elapsed": 69.44757556915283, "timeout_reached": false}