{"x": [1.2800474848972954e-06, -0.0002814046615071675, -0.00021809574923281616, -0.00013135550548781794, -0.00026335371876484714, 5.8559944804414954e-05, 0.00026017172103820485, 0.0004963736768957006, 2.962537624284778e-05, 0.00017234659509313133, -0.00018814541490996817, -2.079623371287198e-05, 0.00015221385260133502, 2.467110523696192e-05, -0.0003250289308596166, 0.0004789416570361027, -0.00012872809139707897, 0.00042006281897499775, 0.0001312161955695501, 4.3386293924640995e-05, 6.252443786536332e-05, -0.00011539581046804415, 2.324699073597003e-05, 0.0004007148705227337, 0.0003183700088129626, 0.0003227608482774258, 9.172691648018372e-05, 0.0002041813306163931, 0.00022262337762413154, -3.394733971617825e-05, 0.00015504621700301868, 0.000269318333209867, 7.500060959841903e-06, -8.936329010111876e-05, 0.00020695063818720882, 0.00022884245957754956, -0.00013394268968625056, -0.0003238780350898196, 0.00023938066806294955, -8.927261424673816e-05, 5.28970059860967e-05, -0.0005145653991576182, 0.0002177394831477386, -7.42627826610942e-05, -0.00030105649477718543, 0.00016564855245349008, -9.913721083876226e-05, 0.000280504779311741, 0.000493314635704678, 3.754427746116562e-05], "obj_val": 0.0009508132934570312, "time_elapsed": 83.84367680549622, "timeout_reached": false}