{"x": [1.000008959188837, 0.9999959205784347, 1.0000027575824837, 0.9999998747410414, 0.9999962683439481, 1.0000016020651408, 0.9999992081647585, 0.999997947625687, 0.9999996660261037, 0.999997942296657, 0.9999989411289957, 1.0000026644064284, 1.0000037976894114, 1.0000012895497088, 1.0000013098659568, 0.9999981740797309, 1.000000195888311, 1.000003193915417, 1.0000005052213523, 0.9999988058924493, 0.9999977519866378, 1.0000022426621715, 1.000002500444222, 0.9999994406693623, 1.0000008633866697, 0.999997222122336, 1.0000026881284414, 1.0000029750043116, 1.000003730531202, 0.9999979894573505, 1.0000007333966572, 0.9999980674240753, 0.9999998077438613, 0.999999441910188, 1.0000041796055246, 0.9999998301784362, 1.000000213538187, 1.0000006817488298, 1.0000000272608849, 0.999998035645616, 0.9999992919516137, 0.9999962766950155, 1.0000011746485404, 1.000000048396402, 0.9999992278219952, 0.9999976223412299, 1.0000010202756737, 0.9999981580447718, 0.9999997053281027, 0.9999589103730938], "obj_val": 2.977922353153417e-10, "time_elapsed": 248.26003289222717, "timeout_reached": false}