{"x": [0.9925257572781265, 1.0297704394121787, 1.033432360351445, 1.0955298755589782, 0.983090566515068, 0.963911364000043, 0.9868700276462206, 1.04031354397206, 1.0175347819842773, 1.0126243514663247, 0.8883225096221326, 0.9078440553420974, 1.0851550534803822, 0.9300814020556825, 0.9123445087113713, 1.124305575382245, 0.9191104421514007, 1.0016032794165741, 0.9396028389487743, 0.9855157420300231, 0.9159581475382339, 0.9393032413095215, 0.9836283939623325, 1.0459727750516734, 0.9300250830873313, 0.9512972188162339, 0.9325282600620599, 1.067407902559201, 0.9728347117239999, 0.9869276962915907, 0.9435063700933943, 1.0094444575390282, 1.000779901623381, 1.0899445351783577, 0.9523404212794828, 1.0119676143444156, 0.9915599091384841, 1.0839033776142815, 1.020594892847877, 1.0359229624380784, 0.9618000941333871, 1.0717958218990464, 0.9819716416226743, 1.0777932619366393, 0.9843491733330101, 1.0279405944552455, 0.9162204879317759, 0.9325881651200563, 0.9980888662266696, 1.127741851408175], "obj_val": 0.08155855536460876, "time_elapsed": 300.279093503952, "timeout_reached": true}