{"x": [7.4495411328687835, 0.13675065874977754, 11.789707911067572, 4.217893557664462, 4.187655894269819, -8.065704070946975, 7.639046869376118, -8.378850600396342, -5.198387764008766, -0.8847173317053978, 2.8828623737552705, -4.078275208976504, 7.924187383338548, 11.251184711418933, -4.255306021878019, 2.254258868917282, -7.902122942520732, -3.610395952785212, -8.001489227058006, 7.73524695771683, -0.2777018504324845, 11.96230719252451, 5.541052607544092, 8.492520884693992, -6.961200208734178, -8.671054632143429, 2.8150223312128406, -6.796913939985797, 4.274057773417041, -2.6215606987834796, 0.6969662096253328, 8.474143666793815, 0.13779659551824958, -8.00255365565924, -5.006888656746931, 0.696883951909054, 0.11239937056358112, 3.208270736040372, -3.8733366132853098, 2.1993598738137607, -1.7267110446553187, 3.6557045199865743, 4.4963475661543795, -4.602209286392172, -3.6367338240533145, -1.7494084042325997, 2.4262146926487174, -3.510569266129131, -0.2954692722123251, 3.892821321952546], "obj_val": 285.95068359375, "time_elapsed": 12.304391860961914, "timeout_reached": false}