{"x": [0.999998942915579, 1.0000009556021539, 1.0000000163540508, 0.9999997955958119, 1.000000226485816, 0.9999993142018793, 1.0000001444649054, 1.00000048957384, 1.0000009808865467, 1.0000009289708025, 1.000000191426321, 1.0000005870035928, 1.0000000876046449, 1.0000002336215605, 1.0000004978601205, 0.9999986241282018, 1.0000005220866077, 0.9999994482275386, 1.000000061220944, 0.9999997440501964, 0.9999990981567878, 0.9999990063051001, 1.0000002980657987, 0.9999999547836561, 0.9999987203546086, 1.0000000137841647, 0.9999991581891537, 0.9999993937343185, 0.9999998794389494, 0.9999999436585033, 0.9999996580860294, 1.0000002979369091, 1.000001124086359, 1.0000006536115411, 1.0000021512206942, 1.0000009555480363, 1.000000389663507, 1.0000005713223434, 1.000001018919304, 1.0000011072352564, 0.9999988839121797, 0.9999993047748215, 1.000001093657771, 1.0000002120353972, 0.9999998992363958, 1.000000180696821, 1.0000009267156706, 1.0000005210227647, 0.9999996196590473, 1.000002441577591], "obj_val": 1.475986173560262e-11, "time_elapsed": 234.0204155445099, "timeout_reached": false}