{"x": [0.9897536684514185, 1.0544186544618128, 1.0301616346829268, 1.0543749186574014, 0.98633448513187, 0.9572472009368949, 3.6777268504739014, 0.9934548516180608, 1.0213292041987865, 3.652748729308457, 1.0410214286077069, 0.9523302541127476, 1.0077506007697568, 0.9748342207482108, 1.0572430072737782, 1.0084641822828222, 1.0122709693303067, 0.9811271664313193, 1.080200591085485, 1.0443826867088157, 1.0208435177492814, 0.8311708550116981, 0.9780301816629056, 0.9495056415496728, 1.0515632897218907, 1.0367764721469186, 0.9782258526807541, 0.9301003380134754, 3.6896841936888936, 0.8916507870276646, 1.0142636547890027, 0.9313091887432856, 1.1198972568267962, 1.0647927149599457, 0.9557105954082457, 1.0116619388213, 0.9496066957504445, 0.9562063240037633, 1.0989137180351394, 0.9754513009874266, 1.0516793454881235, 0.9964660562505157, 0.8914694558386582, 0.9793211742155794, 0.9708900095827566, 1.014557276207848, 1.000216557877902, 1.1012683342672935, 0.9718586827749975, 0.935538639132345], "obj_val": 1.4382535219192505, "time_elapsed": 300.66043305397034, "timeout_reached": true}