{"x": [-0.8661465939676221, -8.704231037199177, 0.3250005750584592, -3.601915456383057, -4.789638677438926, -2.321304369002738, -8.173450852304288, 2.924421567699095, -4.3368045949535725, -2.81898253729835, 3.7191448841498405, 0.44090741368816205, -6.602365077623802, 2.1774267995693917, -5.194480260187618, 4.651349557389157, 6.695040297114672, 1.3227173008241977, 4.154259236892306, -7.8981390936895846, -0.1979456927498568, -8.404829128221106, -2.274250529552383, -8.383504135220203, -8.007495336627448, 1.5387461829094478, -4.483881833519411, -8.150454374772682, -4.854759970893064, -2.0978083012371567, -1.0858707154894431, -4.544876432640765, 1.6125424147261331, -0.9349595379739666, 0.2632221444706655, -2.2805498453798307, 8.043557824794659, 2.815394535372158, -8.307216883749815, 2.500904614684643, 7.742370224943786, 0.3172600565414093, 7.919911056942658, -4.732537784057779, 2.881686279649347, 0.3625253565804129, -2.931917427063197, 7.376025104805506, -0.2707937440996216, 7.661198364758358], "obj_val": 230.95286560058594, "time_elapsed": 10.877522945404053, "timeout_reached": false}