{"x": [0.9999969397065288, 1.0000016462195307, 1.000000455844058, 0.9999998249705216, 0.9999986906280869, 1.0000012026616094, 1.0000000937249796, 1.0000012789334536, 0.9999999003233001, 1.0000024438602375, 0.9999997670853805, 0.9999999619488171, 1.0000007256855914, 1.0000003086547222, 1.0000001759697497, 1.000000722808394, 0.9999999414379709, 1.0000000684096464, 0.9999976889159612, 0.9999988807857731, 0.9999980015677989, 1.0000008871265151, 1.0000015368455302, 1.0000001871088042, 0.9999995586052437, 1.0000003688939545, 0.9999996879538366, 1.000000716946905, 0.9999988144259918, 1.0000005690852845, 0.9999994908935861, 1.0000005359944457, 0.999998324884296, 1.0000018361202772, 1.0000007148472738, 1.0000001515928172, 0.9999997512526005, 1.0000002819890939, 1.000001666892858, 0.9999999334716941, 1.0000016905276108, 1.0000002626091375, 0.9999991440055737, 1.0000004546308772, 0.9999992305109283, 1.000001981838854, 1.0000004671557712, 1.000000192986316, 0.9999995999778885, 0.9999918456825622], "obj_val": 3.961626166004706e-11, "time_elapsed": 243.8248598575592, "timeout_reached": false}