{"x": [-3.0982505723213416, 5.1058348710901695, -8.466269058819854, -4.694191404707243, -7.655718421965415, -7.142123059702506, -4.09202708790038, -1.4713234280630831, -1.1105533483438423, 1.413815650787552, -1.9998722623069543, 4.523100233208136, -3.9114348134479804, 7.7465922321704355, -8.218805585629038, 4.339907151461282, -2.557943369979586, -1.050656495077098, -8.258825901692632, -8.527066472364353, 7.552000310322437, 8.537356331035244, -4.245116387243392, 2.5602132227829397, 7.678113377415206, 5.69543283218473, -5.00732850830406, -7.885026893338401, -7.855933505646435, 7.285253594615456, -8.512292749377249, -0.42107472864449513, 8.122510028926133, 2.7097067678329747, 2.6280863047294805, -2.86242650493205, 3.2197212364096064, 7.516905031578563, -7.659699952249494, 2.4538783819085372, 7.7897533177015434, 3.6301368014547264, -5.197837924436912, 4.130242784271881, -8.220758204001989, -0.5528461428193379, 6.808957974184987, -3.816026647197091, -4.125545327367088, -7.105362506116522], "obj_val": 285.56048583984375, "time_elapsed": 11.472008466720581, "timeout_reached": false}