{"x": [1.000001019366165, 0.9999941882479318, 1.000002837888245, 1.0000042515556866, 0.9999956433717857, 1.0000021085610067, 0.9999988827683335, 1.000001569436813, 1.000001426619117, 1.0000023846187802, 1.0000001576820197, 1.0000043571215094, 0.9999941164728249, 1.000002160472152, 0.9999963565459858, 1.0000028758409079, 1.0000004183301234, 0.9999982479156901, 0.999999231856606, 1.000005181296348, 1.0000014735794485, 1.0000004148007176, 1.0000031303240526, 0.9999985840890763, 0.9999980117799367, 1.0000015819658872, 0.9999995778287898, 1.0000041196473277, 0.999995203655238, 1.0000003324574132, 0.9999989820820309, 1.0000042643211202, 1.0000005999079167, 1.000002022333784, 1.0000060843829608, 1.000001709803161, 0.9999981477228499, 1.0000003586923605, 0.9999978594306123, 1.000001257764847, 0.9999990611762132, 1.0000033894999358, 0.9999999596593814, 1.000006966576882, 0.9999990921249293, 1.0000024704606456, 0.9999972187757573, 0.9999996622372952, 1.0000057348762768, 0.9999664903333242], "obj_val": 2.9764102293938777e-10, "time_elapsed": 301.8433446884155, "timeout_reached": true}