{"x": [1.0000040860559134, 0.9999962434516174, 0.9999996041507472, 0.9999993862471265, 1.000000452822029, 0.999997715850812, 1.0000017743716278, 1.0000012107425011, 1.000002024641588, 0.9999992242600981, 1.0000003752368167, 1.0000009011312827, 0.9999994452697532, 0.999996712135748, 1.0000013483239214, 1.0000007939870539, 1.0000030609284811, 0.9999995919284601, 1.0000015879734143, 0.9999988222383722, 1.0000010305913642, 0.9999981060410782, 1.000000390368614, 1.0000003126116992, 1.0000017786860524, 1.0000004229604795, 1.0000008858401783, 0.9999973210241849, 1.0000006011012816, 0.9999950633293933, 0.9999990706130426, 1.000003801781348, 0.9999975625762517, 1.0000014210234898, 1.0000032840858606, 1.0000006075462706, 1.000000311283188, 1.0000037275236515, 1.0000013965030217, 1.0000022593523694, 1.000001477829763, 1.0000003442832934, 0.999997340916034, 1.0000009113150956, 1.0000008742022897, 0.9999995205573525, 1.000000179389428, 1.0000021486083068, 0.9999998642588818, 1.0000193986183457], "obj_val": 1.2777584545986542e-10, "time_elapsed": 240.40939688682556, "timeout_reached": false}