{"x": [0.9999975849883963, 0.9999966370291853, 1.0000009717207408, 0.9999977640581446, 0.999993975461385, 1.000000272036697, 1.000007788864334, 0.9999966763132105, 0.9999902331786109, 0.9999963292262279, 0.999998113001633, 0.9999954500603073, 0.9999981047645063, 0.9999960744813177, 1.0000017743948082, 0.9999993807962965, 0.9999977016365316, 1.0000032290927066, 0.9999965277119064, 1.0000003715266903, 0.9999965849491076, 1.0000001300699382, 0.9999997202205598, 1.0000014358431888, 1.0000047377682915, 1.0000006867298596, 0.9999962755121243, 0.9999949893596093, 0.9999994610859858, 1.0000049835892033, 0.9999954269355315, 0.9999955283343268, 0.9999896443999184, 0.999997222124694, 0.9999998063258656, 0.9999990588146105, 0.9999988921539394, 1.0000000101179942, 0.9999976253502814, 0.9999998663427434, 0.99999562199866, 0.9999996534723329, 0.9999962248860723, 1.0000003015982641, 0.9999941391394891, 1.0000002334005922, 1.0000032256126246, 1.0000070422391183, 1.0000021116959448, 0.9999726629116582], "obj_val": 4.094787842134906e-10, "time_elapsed": 235.3905313014984, "timeout_reached": false}