{"x": [2.617993877991494, 1.5707963267948966, 1.5707963267948966, 2.617993877991494, 2.617993877991494, 1.5707963267948966, 1.5707963267948966, 2.617993877991494, 1.5707963267948966, 1.5707963267948966, 2.617993877991494, 2.617993877991494, 0.5235987755982989, 1.5707963267948966, 0.5235987755982989, 0.5235987755982989, 0.5235987755982989, 1.5707963267948966, 0.5235987755982989, 0.5235987755982989, 2.617993877991494, 1.5707963267948966, 0.5235987755982989, 2.617993877991494, 2.617993877991494, 1.5707963267948966, 1.5707963267948966, 2.617993877991494, 1.5707963267948966, 1.5707963267948966, 2.617993877991494, 2.617993877991494, 1.5707963267948966, 1.5707963267948966, 2.617993877991494, 1.5707963267948966, 2.617993877991494, 1.5707963267948966, 1.5707963267948966, 2.617993877991494, 2.617993877991494, 1.5707963267948966, 1.5707963267948966, 2.617993877991494, 1.5707963267948966, 1.5707963267948966, 2.617993877991494, 2.617993877991494, 0.5235987755982989, 1.5707963267948966], "obj_val": -18.197635650634766, "time_elapsed": 2.49283504486084, "timeout_reached": false}