{"x": [2.202126843551964, 1.5703764537711864, 1.2852130010301028, 1.9229409731468357, 1.720371916404929, 1.5707293378427192, 1.4543135277676136, 1.7560173495625637, 1.6556609129031532, 1.5709118571927627, 1.4975711223611947, 1.4341227966857168, 1.6299984150324311, 1.5706930526781235, 1.517578105816746, 1.6659473269409384, 1.6162380945564276, 1.736436495634596, 1.6902789585251705, 1.6473431642182206, 1.4543446520550312, 1.571037816443555, 1.5362887559513743, 1.6348608467651342, 1.601915347859487, 1.5708920460974838, 1.5413687543107075, 1.6259536244908679, 1.4873806182793663, 1.6722674678820697, 1.5453140089288944, 1.5209063452781297, 1.59439007278002, 1.570732751588789, 1.5481302075772456, 1.5265224948001093, 1.5919939316184184, 1.5706064547488268, 1.6301349385685882, 1.6845117506682357, 1.5898993318941734, 1.7139553995364443, 1.5523779156775444, 1.6062382993771225, 1.4434411582985387, 1.6376943662253414, 1.554064987100694, 1.6031674304012347, 1.5867422528450188, 1.632516969969788], "obj_val": -49.55670928955078, "time_elapsed": 55.44820547103882, "timeout_reached": false}