{"x": [2.202344725904169, 1.5705237151888163, 1.2855365856957501, 1.9230018861722709, 1.720433597439885, 1.5707254353512177, 1.4545073671748208, 1.7562005876413362, 1.6558753673151436, 1.5709710660976395, 1.497804738821226, 1.4340044439946684, 1.630145323684431, 1.5707889959462928, 1.5175949282284655, 1.6659996230445788, 1.6163991134923599, 1.5705907595061408, 1.5287879462318408, 1.6474653461024307, 1.6076548235572652, 1.4209321703596869, 1.5360722191394984, 1.6348970896898463, 1.6019654764021034, 1.5705832816036542, 1.5414309859156905, 1.6259522559020647, 1.5976242723966445, 1.3452376363523424, 1.5452420898600927, 1.5209068280637448, 1.497667375616487, 1.57075437604181, 1.6366848604946185, 1.5265117919763966, 1.591958806029, 1.5708740092944184, 1.6299627143185411, 1.531109527211159, 1.5122677796685053, 1.6438406924034883, 1.5524155334608878, 1.60607528412433, 1.5881792791542182, 1.4277187436432213, 1.4849970144737794, 1.5377443383821188, 1.521972927003563, 1.5707938564980104], "obj_val": -49.5598030090332, "time_elapsed": 71.25008153915405, "timeout_reached": false}