{"x": [2.2015878012943864, 1.571534482335882, 1.2846254974506603, 1.9226882060588766, 1.7205502053497899, 1.5706185242972825, 1.4541923748142809, 1.7558879772716125, 1.6558085633295807, 1.570720171507923, 1.4976147479430928, 1.6966305679986498, 1.6301498030585808, 1.5708156904612691, 1.5176328013082774, 1.4692633508721684, 1.616312716512902, 1.5707323612118564, 1.5285709671363907, 1.6474318982854452, 1.6078237658613919, 1.4208650935964942, 1.536292450318573, 1.6349530950479298, 1.6018753165395871, 1.5715484472123595, 1.5414252465208262, 1.5136987071528605, 1.597580199373036, 1.570854885035553, 1.5452550395265696, 1.5209090374963523, 1.4977490255064314, 1.5708240858867075, 1.4543379324088095, 1.526575381242659, 1.5057418784079193, 1.5709505595350848, 1.5505746736345438, 1.4481701902731503, 1.5898529785734858, 1.4940290953714699, 1.6246724793715117, 1.5346005125520294, 1.5880414028187477, 1.5708472941153069, 1.6201970133168135, 1.537695639168482, 1.6488861482144275, 1.5707871933745627], "obj_val": -49.58091735839844, "time_elapsed": 55.49135899543762, "timeout_reached": false}