{"x": [0.4018145192742899, 0.2544972721469567, 1.2669165117144954, 1.037586816224396, 0.7839547475447707, 0.9669625459261442, 1.7977813884198819, 1.7641038603746615, 1.6956470222843933, -0.3412237650430344, 2.007135512698271, 1.3403023321708738, 1.3308866683145788, 2.733437126447067, 0.855608063288759, 2.344693038864172, 2.1778410543339204, 2.4158081281061783, 2.043378903236624, 0.5143401296660534, 1.7415715297482466, -0.5083246208894082, 0.49093472130011684, 0.5457608770772924, 0.6920942240482999, 2.3688566032260407, 1.000253978255304, 1.0345767663323233, 0.8564010857122403, 0.9580150761209482, 1.5826007102419442, 0.9738415390956182, 1.1999384865283136, 2.3978688048072394, 1.5769820414615052, 1.327998276579665, 3.240273500271226, 1.1018894422368852, 0.3557798522357906, 1.4136234840962616, 2.8151708160948155, 1.2444276554996763, 2.3077916372087808, 1.588841892205746, 1.6219676578375637, 2.3954846642911405, 1.1115287292951557, 1.8644035764177778, 1.8232699967515889, 2.1398287277574184], "obj_val": -8.057598114013672, "time_elapsed": 29.525874614715576, "timeout_reached": false}