{"x": [5.857133929353658, 3.056148136529984, 13.774796529926643, 4.123830278207882, -16.371233739000264, 24.31709554229761, -19.125879483957803, 12.661619185921285, -17.048260620189318, 22.410947447086613, -0.9124942725619585, 15.26194108003525, -4.132667307422253, 3.7131410017951496, 6.416455792981389, 3.921729721306969, -4.040257323017944, -1.7287373347917236, 12.923588065466, 6.411215783847176, -4.2393047715262835, 18.189379024795148, -1.9653264838161377, -16.258386906454135, -11.493212806374613, -6.084730822725956, -16.36124209340362, -8.80569425922927, -18.672701286270684, -18.33790535554287, -3.9835792843258715, 17.08087730326377, 9.426332486978659, 11.670412018423006, -22.215470517431775, -25.261205896809233, -14.515786044080375, -3.9368112573062826, 3.2843092005638175, 3.2475400429509755, -10.627464952388065, -10.897923882371076, 20.949048121449568, 31.637393690205297, -7.13982406105637, -16.040181261956533, 3.228415738138603, 13.882872730341354, -0.6420430689842106, -25.881274596501104], "obj_val": 20.3084716796875, "time_elapsed": 2.7085845470428467, "timeout_reached": false}