{"x": [-7.930800917284047, -28.811161062119048, 2.51728584620099, -9.529003235775225, 6.300596293607734, -8.564011442339314, -16.569425338436847, -2.0956559828129975, -1.8597676557621052, -12.111302084709406, -23.96232692380165, -5.156762092373265, 2.6595518884937994, -4.667750095674866, -14.995170919501223, 0.4138063619862296, -5.226099820953903, -1.3551311338104206, -2.3079238968828215, 7.884249335524539, 4.84112326061001, 0.38575067830942134, -2.046165935784484, -3.816908143702429, -18.776408619816504, -5.059361412815251, 1.7534662808963768, -19.228357037163462, -19.97767480920279, 16.698312063640326, 22.395721518633174, -32.48749071478163, -8.05663678810119, -13.92922067985993, 1.0382893019509283, 8.709361568148807, -9.786267303052776, -12.637369595045962, -10.094716231098351, -1.5228186883476664, -6.303925936800711, -4.29447199507666, -15.047382084560791, -1.5796688725675267, 23.11019606032467, 18.280290718022037, 10.761765962437632, -8.380821030795635, 11.852374177853148, -14.883591443519855], "obj_val": 20.01983642578125, "time_elapsed": 3.5386273860931396, "timeout_reached": false}