{"x": [-5.014078529385359, -32.11280900063023, 2.0483022105089748, -8.337541401677615, -11.060062462124387, -11.921005380093758, -19.87755310220407, 5.74890447658566, -15.867464525417992, -12.140977157969578, 10.075561657985148, 3.8393937656727113, -19.793783195040394, 2.0436366837689572, -19.0404137045507, 18.094732652896283, 19.489036465579623, 2.878871849682057, 19.097052240774243, -27.12660349897919, 1.351420876941029, -28.15521746167398, -9.13079302259047, -24.966200274288948, -21.822566156358693, 4.845525637456768, -18.918930870066948, -24.384217292799647, -22.905064710864625, -4.548701003223006, -5.36386745410093, -18.92083833399411, 7.02807737685807, -0.8638861103036943, -1.378465262750562, -9.500094268606018, 20.275355041579772, 5.201428169048598, -27.85162402924309, 11.345639875967947, 34.0675440566066, -5.210427961679978, 23.398909485867758, -15.886367678966874, 5.840208874429571, -2.7053491102945824, -5.794463940002013, 20.157404830788117, 0.9045894180694116, 32.166156535429714], "obj_val": 20.55767059326172, "time_elapsed": 4.596254348754883, "timeout_reached": false}