{"x": [-9.017775664818497, 15.073531163392614, -34.278528176293726, -11.296634481455387, -21.684802052525505, -28.1641788443119, -17.299391209139422, -8.21505236981169, -3.586983439394455, 2.343677027064925, -6.041625066256618, 12.105422936063878, -18.251198160713184, 24.046964909608274, -30.554949922025962, 11.108227331009124, -2.0948343746742686, 3.005838181503681, -24.004852582011466, -20.766068954741666, 23.93377066874206, 30.12493489826653, -11.61999478116552, 15.873889123405172, 23.7934545524159, 25.581197852669316, -26.861891817549527, -28.980069783361955, -21.94659816817576, 26.018109429412217, -25.052520903409746, -5.990608302867535, 28.913572399243247, 2.955107599632322, 10.950440734731131, -9.979165342898563, 12.2583866892314, 23.37988577970545, -30.03127399346671, 14.704738661102944, 32.55359235478899, 18.652911981776306, -17.752178213731796, 16.91612051360619, -24.425840931862393, -2.680252613128747, 27.74096603401847, -14.287129967414216, -13.068574380021953, -25.101003443302144], "obj_val": 21.00369644165039, "time_elapsed": 6.9375176429748535, "timeout_reached": false}