{"x": [14.270236844478998, -21.24993847974081, -0.925548606152559, 20.045686731495493, -21.12497386847366, 0.10707276507804636, -3.2508556721993664, -2.625571534413306, 23.715617473658547, 20.23976391837452, 2.3747680470239794, -14.508262686719366, 7.3093886629378835, 4.834009034523624, -20.20902309684884, -10.59790522331201, 13.768629409225454, 19.430432740050303, 22.255116127725486, -25.2700059338476, -0.7856494151937623, -6.38523553038342, -7.843493111684714, 6.450513465871169, 8.189476511669309, -16.54620807008048, -11.696148384234279, 21.72052274346388, 6.697364161603749, -23.692219407670493, -11.017676684635179, 3.1751992930679407, -3.513445258849697, 1.1451516690488353, -6.737244064949238, -18.61204931837962, -15.232767261788762, 16.998765296033845, 14.196000295766565, -2.8704595990803248, -21.273099889609554, 5.0000040840434234, -1.7038497036438967, -2.8811206500208284, -10.601054469655603, 28.21872429408908, -25.24519332689255, 7.0244684519908045, -3.324982050503386, 7.678137238631986], "obj_val": 20.562862396240234, "time_elapsed": 2.6114354133605957, "timeout_reached": false}