{"x": [0.00016300040678629557, 0.00043216768523279825, -0.0005732091023560315, -9.602397710750665e-06, 0.0006033652769019682, 0.00023932514375246683, -0.00028833615733958595, 0.00010317955539562718, -0.0006529771622183489, -2.3742579656982343e-05, 3.848185754407041e-05, -0.0002818798151622559, -9.876439429490347e-05, 0.00036959985433782094, 0.0004782089946218093, -0.0005616558466670085, 0.00033182062254866196, -0.0005069880914163605, 0.0003619413417368378, 4.848106516419648e-05, -0.0002987284778726007, 0.00043504435856789314, -3.929582854311775e-05, -8.894551433513698e-05, -3.956828287243752e-05, 0.0002615198677915487, -0.00012009237853760624, 0.00022472180398835917, -0.0001767147887505871, -0.00014000030273564334, -7.086193141958574e-05, -0.0002250981014668696, 0.00014533715275888426, -5.984656209534478e-05, 0.0005890501730902997, -0.00029439967423172675, -0.0003390829523368666, 0.00044229208515389473, -1.960895787078698e-06, 0.0002024469399515283, 0.0001707980362652961, 0.00024294821423609392, 0.0005462087733434373, -0.00011139770710144603, 0.00028374142841869343, 0.00041577888569577226, -0.00010433113405383665, 0.00025081319057562723, 0.0005828979587931826, 7.523209143300846e-05], "obj_val": 0.0012903213500976562, "time_elapsed": 73.71158504486084, "timeout_reached": false}