{"x": [1.4304496248945473, 4.069090767239763, -4.57062299606137, 2.5351656360476804, 8.13044844497691, 7.4530161674347655, -8.636123005258698, -4.178435824283058, -8.448416555531523, 0.4435867552794029, -8.576257634148364, -0.1310922495352756, 3.265703008687564, -4.0489987255834246, 2.5909538225697863, 2.7150900154120774, -12.406799220854086, -0.5901966479569072, -3.3543319632671533, -1.7958330191988858, -4.556131264354007, 3.4392846954891545, -0.3660948299855993, -8.22754608421747, 1.8789051991988308, 4.329009202723337, -3.5266206334020267, -4.601484156295483, -1.2227542557199222, 8.280415549301154, 7.580874072550177, 3.791659924098091, 7.677368682508592, 7.851903032507622, -0.9548457115979638, -8.346561213178841, 3.2969678509227416, -0.377180632117804, -1.9567527577722097, -4.368863169712367, -0.9016256521093208, -4.309063981201578, -4.119461521591153, -4.2344682523612285, -1.7909934680706188, 6.809152396459146, 3.0388585449028187, -4.093994364457265, -4.14379097656775, -2.3964101725372906], "obj_val": 155.5429229736328, "time_elapsed": 11.95956301689148, "timeout_reached": false}