{"x": [1.073273211539718, 1.0826017928459009, 0.8382792697900521, 1.0033151557242315, 0.9797574014188704, 0.9728541490296294, 1.0020270972862488, 0.9400006383379145, 0.9403768967628867, 0.9704947526582131, 0.9826925931320529, 0.9611058272357109, 0.9591383461669412, 1.0853400242750233, 0.9697073337215567, 1.0825792557611469, 0.8612365823261903, 0.9628536142636146, 1.198639207197063, 1.040424524456558, 0.9153778306612881, 1.0392657785658055, 0.9134934012599305, 0.9349903219337996, 0.9650176004968114, 1.0563310279325822, 0.8358901315635836, 1.0579341462662928, 0.9838251010868215, 0.8934289550347962, 1.0819102365630084, 1.020495927277365, 0.897004613579957, 0.9491203507039336, 0.9585944117674527, 0.9863437010821308, 1.081166483836804, 0.9436818144606729, 1.0134619354272978, 0.9886266020351764, 0.9023731583957217, 0.9377821058621194, 1.0341733395021024, 0.36028750917246777, 0.9178906750190308, 1.035974656016092, 0.9538875231954358, 0.9591102198757473, 0.9430489557784116, 1.1098047033278613], "obj_val": 0.21377244591712952, "time_elapsed": 300.2683017253876, "timeout_reached": true}