{"x": [0.2371879949355094, 2.7618204494419514, 2.0398645138009246, -0.1115337353561977, -1.9320447614324407, 3.0861447899840466, -0.39692147010554024, 6.647172537642378, 7.605294625708811, -1.2053904689541322, 6.145252051649644, 0.6251038357587972, 0.9666905402219155, 7.590911268638028, -7.91026770776757, -8.041540567377005, -8.583812035011183, 7.484530451985073, 7.460416965089866, 6.606266416209251, 7.677077597457839, 6.655015222921653, 0.9795932105630638, 5.302610343425992, -8.247286447918071, 3.6628672327827467, -8.222605811982259, 7.5687254629232985, 1.4109824476641384, -0.1040067418473743, -3.3838329058306416, 4.639433151044549, -0.05357627620906824, 1.5719327056008467, -8.32125954606373, 4.54660777809217, 1.4515415146920545, 0.5852900182777396, 7.908159140651165, 3.9720176443225617, -3.786529794449043, -0.878879346734758, 1.8139056796095085, -7.803188713945785, 1.8399725947023082, 4.067229384923529, -8.255167507977626, -8.437713830704489, -4.339219112804124, -2.76291730008979], "obj_val": 190.34031677246094, "time_elapsed": 12.859776735305786, "timeout_reached": false}