{"x": [0.9839194440435195, 0.9266969896958965, 0.8993146803678531, 0.9455341031870446, 0.9130621153219076, -4.241389662652982, 1.1005883937343008, 0.9615090627878775, 1.1386814594827555, 0.9261943028589847, 0.9704174744995364, 1.1022898998610464, 0.9529927937035865, 0.9898966781186425, 1.0219951187208998, 1.1129922635202916, 3.672252668624707, 1.088900135915034, 0.9765544260249048, 0.7933585532037069, 1.0004944206294297, 0.9226516792657802, 1.0735865997046834, 1.0024547983771637, 0.8834755507666747, 1.000182894478423, 0.973230622792276, 1.0334634048459868, 1.0283402737166414, 0.8663917351836714, 0.9279218946840517, 0.9876689323810339, 0.9910854258210922, 1.0703740085155289, 1.051443700817729, 1.0476431178831724, 0.9785057602511804, 1.0417864732235604, 1.0731088480940998, 0.9508518637828622, 1.0188808828564433, 0.986552387999573, 0.9884092658107524, 1.0084970496933443, 1.0395150157264554, 0.9745473206492039, 1.0473027521838518, -4.222518413591826, 0.9246632918319486, 0.7036715167362351], "obj_val": 4.028648853302002, "time_elapsed": 281.6216187477112, "timeout_reached": false}