{"x": [2.2272425565332825, 1.5311094504588445, 1.3302591183230668, 1.0419220336984454, 1.3136104817088938, 2.0057269217668576, 2.2718705428429637, 0.4826066783021561, 1.6477940294642512, 3.011584061419654, 1.4936719138764052, 1.1133933658464699, 0.6032218399305802, 2.2914287557141977, 2.6981321086812637, 1.6597225464609662, 1.0681816347075053, 1.572266605235852, 1.7646176823753181, 0.28558713773579214, 1.296024830329714, 1.5761877583475954, 1.214830266139939, 0.7852265004429755, 1.0222812391444487, 1.9964638541806652, 3.0303625497124935, 1.317276438253879, 2.628640160869878, 2.252267480836662, 0.4586153774352606, 2.939726495019023, 1.1678783929338241, 0.9188468408110637, 1.5181736735559919, 1.8516569681186867, 1.9624041974826474, 1.7434043502932852, 1.469781749805913, 0.30360447923017087, 2.477425173430884, 1.7126152142072317, 0.848395778666595, 1.782927968018063, 2.3661906189804593, 0.5092855420642293, 1.8641013687845782, 1.467325438506407, 1.1943977480052708, 0.964327122352039], "obj_val": -21.02483367919922, "time_elapsed": 259.7155055999756, "timeout_reached": false}