{"x": [2.2032491838475057, 1.5708543764735339, 1.2847437828062187, 1.922975749751819, 1.7204497513707935, 1.571120608667476, 1.4541849361746175, 1.7560917939751413, 1.6557735468189838, 1.5706437439849577, 1.497596223403205, 1.6968783821729572, 1.6300961043283735, 1.5710636301401566, 1.720413982310827, 1.6660690570243641, 1.6163514241343622, 1.5705864687174014, 1.5289872988454514, 1.4901443237410215, 1.454306121541542, 1.5707530807295136, 1.6702760606497993, 1.5038880040893714, 1.6019899970323266, 1.5708851334509042, 1.5414997068113738, 1.6258973015934455, 1.5976937539185094, 1.570770635340672, 1.5452172378317712, 1.6191759285945997, 1.4976752082403548, 1.5709207029340906, 1.548235299851635, 1.526653814705754, 1.505745112596169, 1.651407245762476, 1.550606991749679, 1.448148135288477, 1.589807104339262, 1.5707814049825828, 1.5524671678511446, 1.6059091110119494, 1.5882096017874723, 1.5707815937678244, 1.4848446577942376, 1.6030292283225185, 1.6490230149430403, 1.5707741079548558], "obj_val": -49.580101013183594, "time_elapsed": 57.8764808177948, "timeout_reached": false}