{"x": [1.0099846379605795, 1.5748003091351788, 0.4405778848777664, 2.1830413963678073, 2.051315741077855, 0.4488380490285886, 1.0557351159390964, 1.8264714650620957, 1.9712144620901082, 2.111342537966201, 0.5477940420840537, 1.0536941727041824, 1.035014297345917, 2.304973111064081, 0.9552133324098488, 1.2519812355996576, 1.4348499185337356, 0.613484514398081, 1.9762099399218902, 0.7468290576617739, 2.5639992047782467, 3.093999262323506, 2.0076572698795543, 2.157084006798976, 1.7150588519289591, 2.0184806003753546, 1.2750124686456352, 1.5112746794099126, 0.8956609396761028, 1.8378717704573149, 1.3278302131716047, 1.4171715288315125, 1.9419281334042702, 2.1964721346356155, 2.4046089038928895, 1.6151931931854155, 1.8647535473630679, 1.9400229371490028, 3.0909360272104665, 2.928859148925299, 1.343813290427606, 1.418458942031539, 1.4535619251488656, 1.2108167326997816, 0.7437580962986111, 2.641784031976727, 2.26853082596453, 1.7859950387668002, 1.1210102762473282, 1.164786478085076], "obj_val": -19.519514083862305, "time_elapsed": 293.2322664260864, "timeout_reached": false}