{"x": [2.201618227204814, 1.5705668333906555, 1.2843360937136428, 1.923177720841732, 1.7206220686958282, 1.5708143853600953, 1.454533764689815, 1.756043846170165, 1.6556862354131354, 1.570519630804446, 1.4977285656545254, 1.434151442025012, 1.6302562415495228, 1.5707595316334793, 1.5176639293370187, 1.4692636085335202, 1.4254909644536014, 1.5706848776513844, 1.348449094845109, 1.490269722239777, 1.6078005630198584, 1.5707979924967956, 1.5363057879549844, 1.5038910366037825, 1.4737907104553658, 1.5708025589076833, 1.541455826421826, 1.6259521192969286, 1.5977420881712172, 1.5709686542635461, 1.5453032018442103, 1.61911852942794, 1.5945318644917776, 1.4755283170623041, 1.636709812802211, 1.6138901801136054, 1.5920248117825881, 1.6514307008701543, 1.7058955449170172, 1.531044814605492, 1.5897822702120186, 1.570736890668254, 1.476556837560068, 1.534686019153611, 1.5881597557963882, 1.6376861739718631, 1.4848952549754868, 1.4692915380533682, 1.5219608259556106, 1.6323543197612693], "obj_val": -49.546409606933594, "time_elapsed": 60.599812269210815, "timeout_reached": false}