{"x": [1.7220124245321435, 2.6933524526919297, -0.007520433007083938, 1.8435469964360118, 0.980728495262807, 0.4078212999751034, 1.4582567302015343, 1.6212899300434578, 1.7467331536043536, 2.387560341095708, 1.4104538338074653, 1.9166432845502945, -0.369820054662617, -0.025378874296347442, -0.5313276611473016, 2.169512551751876, -0.15595584959636477, 1.7316031250000241, -0.3483694884464241, -0.008263829448870608, 4.239664502087798, 3.3630379671415835, 2.260847079521733, 1.5461990839823847, 3.5105347960398303, 3.4815987142759153, 0.9493044128096592, 0.6650494413403114, 0.5178817646763372, 3.225865502730156, 0.0486680209229966, 1.0746980080863393, 1.4850917279809481, 1.4923994966624816, 1.9571416270422726, 2.367741916671389, 2.7828498115029183, 1.9422396067280072, 0.326970715681843, 2.4136405016106286, 1.8781557731222298, 2.7835830034221303, 1.3506236800447065, 2.195065057651097, 1.1153586345640036, 2.288753828382036, 2.9207153793288922, -0.3047261813405513, 0.6395447355359426, 0.21880990403327694], "obj_val": -8.291613578796387, "time_elapsed": 13.135701179504395, "timeout_reached": false}