{"x": [2.7524753579589896, 0.8255437753175726, 3.60202761942792, 2.1088346426158533, 2.6409663361445936, -0.6967550221688206, 3.2269824319780396, 0.03071720600758132, 1.961239736258634, 1.0339105346362363, 2.1414819005597856, 1.3520329689192692, 0.9763266251049613, 3.418250701543674, 1.2618608575764536, 2.943008649129195, 0.4352724734830048, 0.5185289511368798, 1.7657129722302134, 3.2116971502156466, 1.6195231335855675, 4.889072715047716, 4.27273340047651, 3.23374416508394, -0.08900315728556796, 0.21605088135919792, 2.128932258755955, 1.0455485715810728, 2.3697415521040015, 1.228473763150961, 0.9411359384677539, 2.3221895956908702, 1.0681629896063, 0.552243921914352, 0.9648902118043367, 0.9752038910762947, 1.218736433028518, 2.211740059038468, 1.0632564795496917, 2.798238538174954, 1.5649457472192778, 1.0604683489961295, 3.0015068682851234, 1.45658864826104, 0.5667174783667245, 0.7148684840259047, 2.5093541140873152, 1.4685640986069872, 1.8643542940539166, 2.1011451098251754], "obj_val": -8.78033447265625, "time_elapsed": 28.41112208366394, "timeout_reached": false}