{"x": [2.177127724867101, 1.6032283588988532, 1.199723937198477, 1.0869494475977937, 0.3658361295106032, 0.8763431925516224, 0.8460857724707975, 1.971707488685644, 2.415996509466687, 1.7036116333549718, 1.1897225787813954, 1.9226351082724964, 1.367694173261027, 2.8384894077118004, 0.9908394960088869, 1.671622421166523, 2.241519546137444, 2.729873556269639, 0.4483748009126951, 2.2718967264494343, 2.855442469370576, 2.173698374502462, 2.658701516765861, 0.22578578707661978, 2.217475620765185, 1.4960674806360292, 1.1905735818237833, 2.09557252273371, 2.5764026017955617, 1.2119026415684417, 1.317214363968282, 0.9779883340509006, 1.9931042352045008, 2.887033432259546, 1.3492129814335558, 1.1342278021640333, 1.2115494731723728, 0.6648792776910357, 1.8439854555640736, 2.2501014490797293, 0.259234809943206, 1.971225721319062, 2.0007555782292927, 0.3340190239453904, 1.1405163241842207, 0.16648650516619012, 1.6210702372273285, 0.7189699683795717, 0.18631075867349334, 1.4567944486493845], "obj_val": -21.195608139038086, "time_elapsed": 289.8842861652374, "timeout_reached": false}