{"x": [2.1092280424877465, 1.5737630426541045, 1.0936711696902768, 0.5993741121522848, 2.2599315262238955, 2.4341812830443805, 1.5890102806255049, 1.3432809909413193, 0.6939438275937082, 1.2112455129743083, 1.4305171912459267, 1.9227441377867651, 1.7614186041206954, 0.08515939941607864, 1.732808791558628, 0.9813382899525709, 2.3491306260104015, 1.753235063196262, 1.6493206860834428, 0.8582688885521818, 0.8347378026071437, 1.0839339165772213, 1.7208914140246334, 2.354371829327283, 1.409386566104509, 2.5594737333655817, 1.5434406084943069, 2.7872987116317796, 1.3635684658215192, 1.960763873929587, 1.1147792435696806, 2.5419454583094843, 0.8634815255380144, 0.34842924243702234, 1.7973914936383704, 1.2323785144886379, 0.6098885925961371, 0.36262997273951836, 1.6135579117796026, 1.8250091834187459, 1.9934554744644721, 1.7846653443272946, 1.1213934506306473, 1.230688722058854, 1.5315850793698238, 1.9917896638048784, 1.3358763699371734, 1.1712183441853306, 1.7181864936795361, 2.0514246757223535], "obj_val": -20.6368408203125, "time_elapsed": 284.93652963638306, "timeout_reached": false}