{"x": [2.5503970001641063, 1.6735295462558906, 1.1707875811481059, 0.6885699193287342, 0.6062917791552151, 2.6248476509039707, 1.8542370686940206, 0.7727976902470014, 0.4755293001935005, 2.9135904705748663, 5.18334178098414, 2.469477126906419, 2.2119592921148503, 3.0570006921536605, -0.7742454563090908, 0.540529704170968, -0.49974367180109275, 1.988864879636957, 1.9715216988397253, 2.311591318009244, 2.013900669946701, 3.531836483886469, 2.6051624801335596, 4.4985282007281135, 0.2288288200318498, 2.0084335163588967, -0.373014614808914, 0.38729970505451566, 2.4009568636522016, -1.8813574555218775, 0.6816856113589617, 3.1795595016264553, 1.6920867702455622, 1.5568042640024635, 0.2841029365243796, 1.8298456297076813, 0.9649850487831342, 1.76771258918005, 2.0507481550746927, 2.2986620341028416, 0.34242324323313145, 2.151104455497035, 2.6283790378661624, -1.4777659351187495, 2.563571754994254, 1.450922337335064, 0.5499977129165707, 1.759495182045296, -1.5581134002542496, 1.831443927514605], "obj_val": -8.321358680725098, "time_elapsed": 15.06203579902649, "timeout_reached": false}