{"x": [2.209796209269206, 1.5705258545836212, 1.2823291460176562, 1.1105296745705504, 0.9932878014561681, 2.0278195143106204, 1.8773960559208287, 1.7561432041000495, 1.6557076763798666, 1.57074224697587, 1.497644027135822, 1.4338849371504614, 1.3776320842669956, 1.7810815503594772, 1.7206881938068639, 1.666049181227823, 1.616305121008613, 1.5707662826808582, 1.5288716857504172, 1.490159780281841, 1.4542470397897174, 1.7076130182558065, 1.670078480239057, 1.6349150023261956, 1.601883005997269, 1.5707755264517727, 1.5414126477681025, 1.5136371725463373, 1.4873110485725483, 1.6722234478761293, 1.6450310164185826, 1.6191233977257158, 1.594402503521704, 1.5707804211590475, 1.5481780856489205, 1.5265241789361979, 1.505754174739494, 1.6513881404869066, 1.6300790125114166, 1.6095740567745382, 1.5898239453957375, 1.5707834508163885, 1.5524110825233364, 1.5346686588882823, 1.5175209849102689, 1.637657092516696, 1.6201415427022507, 1.6031762483045686, 1.5867329807242578, 1.5707855109800424], "obj_val": -49.48832054233378, "time_elapsed": 1.1113009452819824}