{"x": [2.1489401298924258, 1.7812796025215305, 1.2867367827324059, 2.480654924840108, 1.7738426586153972, 1.2316037354057512, 1.9315295041345015, 0.8132882497295469, 1.3036134841607607, 2.334943290040091, 1.5040324713725781, 1.9601797604242088, 1.377503960750642, 2.286860851788768, 1.316640607576721, 2.2917420010373775, 1.4196056096034229, 1.1726372924872128, 2.118082170605014, 1.4902164934946585, 2.322019438259449, 1.7140061462187743, 0.6632766152290869, 0.29135653268444495, 0.4325569445119173, 2.8410121898123015, 1.5419654788474395, 1.620100573811993, 1.3493055619881873, 0.29969963063525284, 1.1910998280654619, 1.619074683253697, 0.9553007896424267, 2.2701360779079165, 1.5739414626877575, 1.6785698057606138, 1.3790864677675558, 1.3219357496542203, 2.6457476048303983, 2.9157324426132494, 1.0330786500721405, 2.0085854400986767, 0.5422528952811929, 1.8344846907657375, 1.7231553301137024, 1.6682872823989063, 1.622285542619852, 1.599931022456066, 1.0632888464313686, 1.3716226835701864], "obj_val": -21.147090911865234, "time_elapsed": 300.3000547885895, "timeout_reached": true}