{"x": [2.3332643072180907, 2.16338890919492, 1.7661273445964443, 2.254747988002151, 3.3204942154977757, 2.2732816364831177, 0.08835090227587328, 0.8195793713644568, 0.7771699887155967, 1.8351673410909084, 0.2479482444745152, 1.1356667118573454, 1.5124810722742872, 0.7822051548475807, 1.8913781065170001, 1.5885584951742258, -1.1485006778950666, 2.001579907434852, 0.7118784041070408, 0.828105219309525, 0.9007230349771149, 2.259494784556691, 1.4021509613223526, -0.13683814471955763, 2.200200617613538, 2.942615513345262, 0.5898340219754193, -0.0017299717683257887, 1.2418724914701529, 2.775634321459062, 2.781421451100268, 2.6016440997878445, 3.4122809191479146, 2.66759935374519, 0.4933456819243388, 0.03732733053196452, 2.69105849283503, 1.3978833584010384, 0.7173467672678581, 0.4779836667729258, 1.5459448383120205, 1.7170526943598623, 0.8328632478947533, 0.6856952672980766, 1.7668185189310912, 2.492878578231428, 2.085116773773015, 1.0631033162020609, 0.11927883983360876, 0.8185527701686711], "obj_val": -8.539886474609375, "time_elapsed": 28.13171148300171, "timeout_reached": false}