{"x": [-0.01799999999999904, 0.0, -0.01799999999999904, 0.0, -0.017999999999999666, 0.0, -0.01799999999999904, -0.01799999999999904, 0.0, -0.01799999999999904, 0.0, 0.0, -0.027793146105506282, -0.027793146105506282, -0.015983014555639555, -0.015983014555639427, -0.009191357959517534, -0.009191357959517534, -0.00528567755101477, -0.00528567755101477, -0.00303963644569843, -0.00303963644569843, -0.001748004874650859, -0.001748004874650859, -0.001748004874650859, -0.001748004874650859, -0.001748004874650859, -0.001748004874650859, -0.001748004874650859, -0.018000000000000602, -0.018000000000000602, -0.04912631929877389, 0.0, -0.001748004874650859, -0.001748004874650859, -0.001748004874650859, -0.001748004874650859, -0.001748004874650859, -0.001748004874650859, -0.0017480048746513833, 0.0, -0.001748004874650859, -0.001748004874650859, -0.0017480048746513833, -0.001748004874650859, -0.001748004874650859, -0.001748004874650859, -0.001748004874650859, -0.001748004874650859, -0.001748004874650859], "obj_val": 1.042573386459651, "time_elapsed": 0.12048602104187012}