{"x": [0.999999999999853, 1.0010131025647562, 1.0010131025647562, 1.0010131025647562, 1.0010131025647562, 0.9999999999999978, 1.0010131025647562, 0.9999999999999978, 0.9999999999999978, 0.9999999501213823], "obj_val": -2.5011267881651467e-06, "time_elapsed": 1.4202799797058105}