{"x": [2.201546298470307, 1.577625005754173, 1.288125662378638, 1.9236949489084876, 1.7206050575301688, 1.570690354139225, 1.454176700785502, 1.7577331969003942, 1.657206815816478, 1.5721644348606651, 1.498999973993412, 1.6966048634761979, 1.6300452486913517, 1.5707509107749922, 1.5174895482003647, 1.4693029370344808, 1.617118321513461, 1.57155653554845, 1.5296408076708827, 1.6474347503712887, 1.6077317096118606, 1.570767425843479, 1.5362408487588897, 1.5038953181400256, 1.6024409843331515, 1.5713226654671792, 1.5419495631411237, 1.6259067275304473, 1.597627924186693, 1.570775132815703, 1.5452323717018341, 1.5208964906759928, 1.5948272029891526, 1.571198838508615, 1.5485904791269096, 1.6138226162976401, 1.5918648216737745, 1.5707795963642281, 1.550510621771618, 1.5310065671912594, 1.5901667607569867, 1.571122174917063, 1.6246534645184276, 1.6060853920751037, 1.5881397420506753, 1.570782507099199, 1.5539822131047247, 1.537709695327789, 1.5219378992667967, 1.632407191497882], "obj_val": -49.64732433429177, "time_elapsed": 2.3024840354919434}