{"x": [31.446901781981918, 6.0226902653526775, 28.2141913821932, 16.813832037230032, 10.98620230884285, -17.975224004201923, 28.914483888392333, -32.08271106357782, -9.810858399077153, -7.575781597106082, 18.143011808019647, -17.301931591557082, 26.90687731076642, 25.785377644167916, -23.180111954864884, 5.119095891222846, -32.579030202424455, -12.45079208583129, -28.652532519460294, 31.32650426755184, -2.7169833465408275, 26.120602814688407, 19.041479613867395, 24.940645082835022, -20.739388682962655, -24.069910144110793, 4.5420204251211445, -20.628716330098996, 12.941583218847088, -7.886931337728484, 2.907830187596366, 25.30634134561844, 2.942673796625307, -21.0764422321184, -23.592241243335714, 5.040918154095052, 1.349193592068725, 10.03372490149979, -7.058301990190625, 11.853326299836766, -4.417671507906742, 7.120910062053961, 15.699668283671027, -22.54057878692844, -6.1583786341949365, 3.172338445747986, 10.29869272857787, -17.031223910856834, 2.6911489879318324, 10.965260050351333, 25.023325836547237, -15.621141247351526, 8.276321268125912, -17.835225149540303, -3.7441224947762484, -23.758098726375113, 29.681083368361946, -3.560652967920447, 21.571013556304944, -5.31414976127468, 26.88462114616597, 1.2541627495248882, -13.910735159805215, 7.303114061683861, 25.952839399351358, 23.923056491294385, 8.181503441228962, -28.098103593644804, 3.7201265203490985, -16.802921092536288, 12.683109630648001, 24.57315325178654, -0.383171709275271, 7.911668485853295, -30.746448941773238, 3.5566222175341, -17.03841501726309, 3.4119373766302203, -3.1334667618522425, 14.912558854291937, -26.694720917018444, -28.069601342882336, 12.798918042150701, -2.4522060645701993, 6.657507134872852, 20.14325960541418, -0.2621900725863726, 16.099688055632317, -0.0957547059445858, 31.24167651696302, 9.567682366649993, -19.24912634076461, -13.245601285156544, 24.213338719478163, -13.143976496229431, -13.386445512343526, 1.0471080274252178, -3.234735846239554, 6.402386842552419, -3.001138569035857], "obj_val": 20.946731567382812, "time_elapsed": 12.725356340408325, "timeout_reached": false}