{"x": [-22.670457119497073, 28.82972857101368, -0.3374677628866484, 12.228378064158496, 8.561532098017757, 12.915689434228087, 5.018125484811717, 11.156101237515854, -0.37562421772164817, 4.538622001484051, -3.13112536777883, -1.1339760448305243, 22.24698613699603, 1.6850681175249775, -29.07369369634073, -15.137164818422596, -9.510351979327542, -13.208154751396389, -11.524115991355409, 7.38752467400644, 8.227182824728384, -8.086488470395743, -9.417118641811685, -9.30352560790383, -2.980854011798016, -0.9271687073639915, -21.124382670956518, 0.093611143356713, -16.882746301051753, -15.312224413811288, -16.73306399172967, 4.472151151942046, 2.4193738846739508, -9.29704780304106, -11.22648777667615, 8.49681443352184, -27.677874959152884, -4.833313372277538, -5.512477026325673, -15.89692423205312, -29.477300075264118, 18.63801073923816, -9.185959364499947, -0.3877245763717001, -1.6509420932400718, -9.058698661851366, 6.1526714160038685, 1.8514392099494945, -1.5407869296461723, 14.78453659754227, 15.641873808162455, 7.80373942706571, -12.52207949452939, 24.15156860690024, -18.44981549698834, 13.16798260930644, 17.593212775984206, -21.683576566932782, 5.633120521778838, 21.59537826981016, -31.111079562741107, -28.35581870194364, -1.4486670715613836, -9.224828288014272, 21.152987594194688, 13.276701708048735, -8.038895797457277, -11.77210551921733, -13.32405887859044, -5.931045856015633, 14.522848553537697, -24.39636994475461, 7.65787552956646, -17.774173546815227, -9.505096498080523, -3.685097491933768, 17.944665353845163, -7.448857857466959, -28.491363857893088, 5.387796546066405, -5.603733349803544, 23.76016260592553, -11.114765073420793, -12.772969794367025, -2.7223366065646517, -3.581643466390291, -10.770282476791719, -16.957974486669272, 29.931335439659932, 1.5841881513702392, 31.915000733210917, -21.173754963644825, 2.956466897579128, 3.9765961384526674, 3.8651338707791365, 14.215198180615065, 29.14902259265624, 14.467885049106023, 5.474032561229433, -28.926984099670864], "obj_val": 20.78287124633789, "time_elapsed": 5.794319152832031, "timeout_reached": false}