{"x": [-0.00016060817307561592, 0.0008921102219829891, 0.0004310232055217966, 0.0011453054809180685, -0.0002776433119606736, -0.00116674490089963, -0.0006006011158063984, 0.0007219105922331437, 7.563765331042305e-05, 8.159145946251556e-05, 1.599058960266575e-05, 0.0005872345314799077, -0.0008753877311278302, 0.00040022302979991764, -0.00028416266044928307, 0.0002774208970777181, -0.00036982801154294975, -0.00030498691535285616, -0.0004398698302736648, -0.0002890656049601148, -0.00021988524598270942, 0.0002434167228102524, 0.0001903520097243927, 0.0005917412240563635, 0.0005267631111109949, -0.0004601218936954865, -0.00045381220314766324, 0.0005631550534985763, -0.0005869024988953697, 0.0006220094708453416, 0.0011527228728311911, -4.118905441430343e-05, 0.0005240968949919989, -0.0005869743354480761, -0.0015622710382672267, 0.00045585366964928653, 0.0005247856103665072, 0.0007678090226761469, 0.0001807949838479317, -0.0005009301269467414, 2.147669849250633e-05, 0.0008207548009693255, 0.0005656496639687703, 0.00014913895279278222, 4.097468456620845e-05, 0.0008515611746986451, 0.0003901738572835711, -0.0005134877215056122, -0.000149303042661586, 0.00016285938582427661, -0.0003754994472018325, -0.000354613726159414, -0.000316002866583176, -0.000730962572106364, 6.159818437367903e-05, -0.0006343621388964493, -0.00017884281945157454, -0.0006587653376470826, -0.0008398165904424104, 0.00019877979076454722, -0.0008653016565460803, 0.00038772857557489715, 2.3687731811605772e-05, 0.0002973644250516827, 0.00017745867816643113, -6.964361061534419e-05, 0.00037020306602641995, 0.0005064162664041305, -0.0009637954864274434, 0.000507175553622119, -0.0004084932674572883, 1.340340595845646e-05, 0.00016618470218077164, 1.8270622163640837e-05, -5.029000232070757e-05, 0.0009193760819812269, 0.0006325073470350162, 0.0006525690976246779, -0.00032796353275443835, -4.8003672645791085e-05, 0.0007094636553119926, -0.0003385806642626221, 0.0004795544641069682, -7.009384390244122e-06, 0.00032792467300168937, -0.0005763759406818281, 0.00019521748451722942, -0.000863871932466509, -0.0006075537611849313, 0.00010150128935038083, 9.275784135809317e-05, 0.0005546356317438494, 0.0010974602853934812, -0.0004944659971783949, -0.0003136204701945644, -0.00046853312940697833, -4.656202941077936e-05, -0.00029530841668190533, 0.000511576307303585, -0.0003857065563579454], "obj_val": 0.0021677017211914062, "time_elapsed": 154.39505314826965, "timeout_reached": false}