{"x": [0.0003642607618274951, -0.00033695527304189454, 0.0001250197474575998, -0.0002940601980867541, -0.0006850345321538498, 5.089961807414056e-05, 0.0004945709180645963, -0.00019179036129912674, -0.0007853428912767413, 0.0006823010654954942, -0.0005879163120141584, -0.0002773506224116318, -0.0004423790735330613, 0.0010128081931100041, -0.00026321110300386863, -0.0004943901738130307, -5.958079080414791e-05, 0.0003849508411235547, -4.908085139732066e-05, 0.000692398116257209, 0.0005563641536241448, -0.00010943641990479591, 0.0002604353599053866, -0.0007433340611271433, 8.359231762256059e-05, -0.00022963042444246184, -0.0009116318749420316, -0.0011304258940612044, -0.00044547956129292743, -0.0007405716220887371, 0.0005030865689548136, 0.00024193727527688225, 0.00022221667407507084, 0.0006013645649147747, 0.0004737921888136043, 0.0001192459655641187, -0.0005045776062786445, -0.00020071700996027175, 0.0001250839047060026, 0.0005198544859581489, -0.00035128986695553976, -0.0001465627177026363, 9.063915248930243e-05, -0.00043978475491712743, 0.0003044998178438618, 0.0003803726774833649, -0.0002375937321659194, 0.0005219735691355254, -3.7094058484399284e-05, -0.0007706385620167566, -0.0008095370766909582, -0.0007247704378983144, 0.00016512417838043802, -0.00013470344012489477, -0.0007345244671626006, 0.0005455616463052593, 0.0004963080441768852, -0.0005183111956483799, -5.8435805158296716e-05, 0.0006895996500304591, -0.000582751508545698, -0.0009160309915188236, -0.00013133468866044495, -0.0001522882210736043, 0.00038692587611421914, 0.0004903698780935883, -0.00018640551040505215, -0.0009586107009340594, -0.000742247084730252, 0.0004252257349151023, 0.0006339030936999279, -0.0006989144512914436, 0.00012373484605632257, 5.289456098012124e-05, 0.0005092994489501734, 0.00043940659242025504, -0.0006573311100908086, -0.00045888840205066117, 0.00036659855155107834, -0.00026935525809790306, 0.00051545329179703, -0.00018567290592841346, -0.0005466348632694462, -0.0006082765544590529, -0.0006965256300475176, -5.174788053352586e-05, -0.00036829419842376865, 0.0003631929944987178, -0.0003821021859096163, -0.00031251110343077926, -0.0007816244037996967, 0.0003009703049769996, 0.0001092539764471212, 7.8613372380687e-05, 0.00037254595693525516, 5.929936186532814e-05, -0.0009674206234819849, 7.808508243556389e-05, -0.0006266230446385634, -0.00010986461229833822], "obj_val": 0.0019884109497070312, "time_elapsed": 154.97915387153625, "timeout_reached": false}