{"x": [-4.029009634625594, -27.406746407591818, 3.3933151833225237, -5.0490009313401085, -5.427840647269868, -10.811176846031206, -15.642797991720546, 13.67355573951778, -13.22696303368815, -13.003443589584514, 2.9664994797162474, 2.331581041664248, -26.46018164718891, 3.8505575079674075, -19.225949651310795, 20.67713790682081, 22.117630790997723, -3.310030831764415, 20.86330880488312, -27.988047239274984, 2.87955331818923, -28.41756768412933, -7.272274690873679, -22.770462867832677, -24.972943088819502, 7.748817384831657, -14.80265807731303, -29.336506502721424, -20.217539145398025, -11.644957665196713, -1.8707839385940894, -19.07994531982705, 2.6920978388985706, -2.200052248198057, -2.0087000771934234, -2.932102689538883, 14.840058268710035, 3.8354076123213208, -18.610411105598203, 14.057456778822177, 30.17564808493249, 0.8858728947128223, 25.156002982489202, -17.88976805731315, 4.195236788496212, 0.7898179667425184, -10.200491901314571, 14.955498311431777, 1.4605419024906705, 31.822993552745086, 2.0483865866401754, -27.070349725509857, -13.566755830462975, 24.16387283824733, -8.82532888076665, -32.4808293820973, -19.815836121946713, -28.30121837042876, 37.95420597040026, 28.360110028998804, 19.701005710482896, 6.958933233855539, 15.577804818179567, -24.294345835431578, -14.592706227079784, 2.0377577541688563, -4.807717723599343, -28.46994941177824, 30.767370607727358, -11.262013593912306, 2.020272980827685, -14.354688116776574, -14.659938177000717, -9.661324838118913, 14.126145791950314, 14.907031566606712, -6.037191260613424, -27.99313346961444, 16.416969194381956, -14.610363975291916, 5.200028694979309, -32.28352036447464, 11.681970137843585, -8.328873338699184, -3.147254875207155, -4.152482141995045, -12.88520601084902, 4.918123635658743, 27.950707803843677, -25.644733259466587, -9.989086834430331, -27.940099203712876, 18.0836735492767, 8.82639322404651, -19.107277724064243, -4.269129889308821, 9.213100511521391, 6.176753495236753, -21.220087296834624, 25.107889477533618], "obj_val": 20.892837524414062, "time_elapsed": 11.921934127807617, "timeout_reached": false}