{"x": [2.275478480457112, 15.130500654826477, 7.021707859928869, 0.9871386307145319, -9.908660147491878, 6.973744011222638, -3.3839676848698237, 25.80190309254922, 31.77015836109273, -7.074894420333205, 16.862039295840713, 1.60353761106991, 5.793465260483328, 27.85388543306702, -27.618074437236178, -29.0215257389638, -27.4499407186491, 24.369571048014485, 14.123649995914702, 23.63655984062404, 31.512675958753395, 19.327069188668847, -1.4904929060733088, 20.113188941205916, -25.839511198317865, 9.818646956734476, -27.226629011334175, 28.964513645541206, 1.6148767147447023, -3.7049592179421724, -15.842718532394757, 18.744807329528996, -5.714534684849584, 7.698903247677989, -32.00531230569314, 7.961823537616306, 6.05409044745263, 10.088298275880081, 29.017660292391447, 11.871729975445044, -11.07650620550973, -3.687508802585469, 10.064658819726025, -26.846501828926378, 13.16233508167506, 10.93903696380185, -20.083104856939368, -24.70062458816778, -12.239165808016434, -10.146832604107, 6.158154889614175, -2.2907798617589754, 29.271165525052815, -26.57496246201362, -22.663321578133196, -21.354630047693615, 9.756559430274006, -16.2448487379428, -0.286060784014485, -15.322460257568398, -23.98023590660159, -27.546821852555283, 8.94735706780537, -20.056330345112354, -19.186323087404997, -4.565403037429145, 21.408552079447734, -27.493577383885427, 23.81177656315258, -26.701071307806306, 32.21372541219842, -1.0585877745647672, 33.283272994979136, 5.655091846790712, 20.76116199849899, -27.65484998314282, -14.88991190926537, -22.81718240927736, -12.016664597433616, -23.395002765067247, -12.075553037260043, -4.674077987435727, -30.59535872985292, 10.83653451050496, 4.453665356405573, -12.991425333212879, 2.0669087662715295, -28.924103535066546, 4.840087796891768, 28.736770061754424, -13.260787501628347, 10.475701190036819, -24.477493034470953, 12.990019709753984, -11.27208124524899, -20.94172702013293, 0.5763692708569685, -32.63410839357435, 20.071891229329662, -32.999755201837615], "obj_val": 21.120792388916016, "time_elapsed": 8.186057329177856, "timeout_reached": false}