{"x": [16.04130541544463, 4.555408755005134, 0.7877960048530512, 6.787468782768905, -32.3841559774721, 8.221759737030167, -16.42890578408178, 12.906355562085707, 21.65398512687223, 28.489785459409877, 10.93701915051495, 9.785394626830698, -3.064336194233678, -0.04875069744185385, -13.335158607041281, 11.698025078073115, 13.799112896012034, -20.097333870209, -31.757826009937006, -15.154292939773, 1.8743117816679806, 26.44362903667737, -26.87081731242135, 14.823179306523954, 11.17273229189196, -2.1731903945892483, 0.9051180994107854, -14.619812830493899, -13.421736134627066, -11.699588098091333, 21.425665038814508, 16.27085412849013, 3.180180838718545, -17.88996292887407, -7.982201650011186, -8.842931584687511, -1.0064943646628381, 6.2259684591757765, -18.96265473529605, -1.3149258736001102, -10.747692248532044, 8.63608708535035, 11.013213724369031, 18.146186447014713, -6.0464175168478835, 12.848429245837572, -8.008961857679802, 3.3595963855034716, 25.7008620774428, -6.984844300847643, -5.654796265269553, -27.663061411386312, -8.972671349149477, -31.578282519416046, -0.4231378295925424, 12.043211910993035, 13.582367662461788, -9.498237513273235, 8.753579365722203, -7.531341279237189, 10.080964426269814, -1.0602830014858555, -1.7776885095350299, -1.1620535703878558, 24.888896632818664, 19.32702417930322, 0.14356424840005638, 12.233992424567202, 11.781114013534788, 4.40536106200653, -11.218792215256654, -2.7001449414118905, 22.083287451477315, 5.574554894472283, -3.284203378785678, 2.7340467968255107, 18.326354280200235, -17.461350716290756, -14.350672481993312, 5.624419010319689, -13.882057548308232, 11.19930178602536, -13.1387542324657, 4.620196429316114, 1.736839521382688, 22.339551808666073, 2.7174887614211256, 4.565184859875982, -12.439208581870423, -5.461061363109831, 6.85263468139471, 8.260703272293977, 3.431498067845998, 5.22650372597199, -4.9191839834004565, -6.572920394107747, 29.99551312794009, -14.085555689002959, 17.095029121403176, 14.02548237820316], "obj_val": 20.422969818115234, "time_elapsed": 4.160829067230225, "timeout_reached": false}