{"x": [3.7210520457751395, 12.262795027220633, -13.639836089209904, -0.015334341098932613, 25.54694789587838, 24.892822335252596, -25.316283874274532, -18.22636833336177, -28.175394696796026, -3.5793532421559084, -30.056541872866603, -2.894110578994981, 10.313604002480997, -16.835906516163384, 10.894584239762159, 4.9536594718912, -30.176281361982728, 4.158819189884487, -15.779340185217972, -5.698505124144922, -13.227767135205669, 12.565668920313119, -3.0007256541239005, -21.13378051989723, 4.082420318381825, 17.91106963669895, -12.568429368286122, -19.4973770341254, -8.002663055258692, 29.315368520911775, 32.09234262158012, 10.524340938976273, 27.282510891024895, 22.82866830450756, -6.971478658706011, -26.19078606269565, 10.460708631338433, 2.5639978324020203, -8.301358970846353, -19.1237015985295, -5.788372367725669, -2.9269393169095546, -15.314128873129173, -14.628896490352538, -2.764385267141365, 24.40219408304894, 5.799569278663086, -14.139621303602294, -15.12414103772866, -4.23851984092579, -21.592673214572766, -17.63707429353421, 1.9081833542539126, -27.094051544110297, -1.5263862133023585, -9.18630289899459, 15.306028132276815, 17.79866297903701, 13.152341899462758, 11.947317074009963, -8.075814192967819, 12.632834957734634, -10.334785177238004, 5.347731895417061, -12.713713761916683, -4.261291560323213, -26.62174137406967, -17.56471843002394, 31.678764241407688, -17.01523976842951, 12.047448059909673, 9.092331287998553, 12.876299884426713, -0.8803279773131139, 7.019773612353552, -28.853110225851093, -27.90561483951666, -18.947745094750942, -22.451783805965363, -27.00270789675527, -24.336293154970765, 4.943274617722252, -18.84908888978245, 30.03882231078812, 12.977066119313035, 1.2396369020031308, 13.151778526248497, -15.78198208982491, 30.002008336283993, 20.016457710960996, 13.756271532079163, -1.8588898511800678, 22.359162937785435, 15.185997811958979, 9.819784513192062, 25.750680666900596, 9.078557715677553, -8.213088433299008, 5.865178202542617, -16.753052145217783], "obj_val": 20.82579803466797, "time_elapsed": 14.435031175613403, "timeout_reached": false}