{"x": [0.995718709675522, 0.9894061429086207, 1.0119320358057706, 1.0088178406891721, 1.0008716964918278, 1.0099991794111958, 1.010378746992636, 1.003545686806092, 0.9989031471349463, 0.9998256348633205, 0.9895330316172135, 0.9981008357470351, 0.9982277306927649, 0.9973240574850166, 1.004147541339897, 1.0039554114931022, 0.9917031683259871, 1.0075268910667639, 0.9854208344954003, 1.004233256702257, 0.9956794553839927, 0.9991578502542033, 1.0060041844808794, 1.0061381686826962, 0.9953559456223431, 1.0002047771255889, 0.9945821039082574, 1.0050654772083476, 1.0012588996601437, 0.9969918233475354, 1.0132527494296077, 1.0003716334113264, 0.997283884054422, 1.0045593325057816, 0.9912656687410788, 0.9884003572691391, 0.9971448862547803, 0.9916623958314723, 0.9970908827329481, 1.0020577204977812, 1.0044423165005334, 1.0095230329461558, 1.010811294007464, 1.006951001095004, 0.9978574779653613, 0.9970184572200793, 1.0022700021242947, 1.0010524700492027, 0.9962825754417786, 0.9977639883037455, 1.0123476853543423, 1.0115680588255245, 0.9905209834946298, 0.9970790706784101, 1.0046266882003145, 0.992941174831067, 1.0030358705851228, 1.0078912219315157, 0.9959192224047939, 0.9983926512152763, 1.0040411731768373, 1.0028734621159003, 1.006677639732274, 0.9949044627132224, 1.0132291322929916, 1.0060093537640142, 0.9981083685324421, 1.0017588368242194, 1.0051187932245433, 1.009600137689901, 1.0010550159800218, 0.9916367737004528, 0.9919797722010699, 0.9990502826082661, 1.0028284967815502, 1.001749762996333, 1.0064773251489498, 0.9996190011314638, 1.0020596383876352, 0.9967599222736929, 1.0029700507449064, 0.9970591266213802, 1.0041537762624415, 0.9842195153413797, 1.0068035984522616, 1.000284013752374, 1.0039054476375675, 0.9960690871243187, 1.0016548716327236, 0.9914080720319234, 0.9975980746769437, 1.0051126164502477, 0.9910495828218231, 0.9996098414987564, 0.9922518748683906, 1.0029162742968154, 0.9890632110016142, 0.99920141998739, 1.009721050602728, 0.9966039522897567], "obj_val": 0.0020832172594964504, "time_elapsed": 393.80024433135986, "timeout_reached": true}