{"x": [2.2102387335674045, 0.12317582391210502, 2.47930717873192, 4.271608947539221, 1.8117714894246273, 0.12572170150217055, -0.43540127991145927, 1.177618700737535, 0.7673952025535069, 3.523278409720585, 0.4180955725026059, -0.5431325249809715, 1.2768312902672463, -0.7476230197623879, 4.205866611319591, 3.9282200120723942, 0.5190060549867725, -4.51091903146441, -0.35883485181997465, 1.7330378025098359, -0.49953931369002724, 0.13931356074057044, -0.34400829428205437, -0.07057672212258725, 1.0842338828051323, -1.3553203698812544, 1.151065335195114, 3.6559216673588346, 1.5912815159341531, 1.686755998871019, -0.16385637568883116, 1.1887849807332551, 1.9061133715449197, 0.803725051968569, 1.5169292165827652, 1.4315397035033217, 1.011304847548502, 0.36612287566499147, -0.5700214897898304, -0.900412020472553, 0.24178279922592028, 1.005537288134446, -0.2667943199562506, 0.5776745939036521, 0.15981739604966627, 2.093979648178006, -0.3505296584906248, 3.25361141401431, 1.9612005084209527, -0.5887216383692773, 1.3114833034604012, 1.0935550074322697, 0.07868025708994697, 0.5242970040640849, -0.1321567754554287, 2.33682241076975, 0.7690716248873231, -0.7530281721788679, 1.8850947701926302, 1.830053494612316, 1.910744307686414, 3.576557738783397, 0.08871508301837139, 0.7921137599895567, 1.477235359680804, 0.7113117130682589, 1.062741138576948, 0.5106993691785489, 3.4231426934900666, 0.8756820050542635, 0.1905216358692008, 1.3503034644853384, 0.9363863535688588, -0.005767634947061451, 0.7342457445773354, 1.0122224805567526, 2.1133094414580444, 1.3963081193403726, 2.051865578376737, -0.44276544086952696, 0.5744416933382612, 3.2354070180456795, 1.2068457061789828, 1.3910522725528685, 0.5543562152991122, 0.0364177937472987, 0.8527664995616102, 0.8239019087393773, 1.4442756945030077, 0.4362695637570191, 2.535467242020506, 1.7767135625459751, 0.31450844537149525, 1.1377946036514608, 0.020878603254190775, 1.959224625673499, -4.343450772688674, 1.6698268963495844, 0.26996324316720166, 1.8067586288529647], "obj_val": 33.249542236328125, "time_elapsed": 302.2677550315857, "timeout_reached": true}