{"x": [-0.7238259662448054, -8.394883396436045, 2.1233407219985776, -2.037488244548083, -2.370687746134093, -0.7913013937381208, -4.5368430879581165, 3.9206509297495598, -4.07205551770452, -3.3390304805505644, 4.013213085921343, 2.1880064891508004, -8.880352892860328, 0.26347398976229186, -7.943315822386495, 5.901589128892747, 5.00204048149029, -0.6368955793116129, 4.674780310375795, -8.204682324726447, 0.5377861690239105, -8.107584742846653, -1.0803947938488916, -5.442691494934566, -8.764875437123376, 2.6471889003024014, -4.9901989486378, -7.65131657145035, -4.7617120254167045, -2.9063383394247944, 1.928480444625942, -5.256730843504623, 0.7600606159931853, 0.30366165057938044, -0.5547418626254272, 0.8928170891178971, 4.410635439436459, 3.435694433069925, -4.3846611025703295, 3.858245855736876, 8.092283799521551, 0.537513014854822, 5.466018999639932, -4.495965130493801, 1.6096148029801765, 0.7789872470702421, -3.462328080087418, 3.403976172430734, -0.8040666268794161, 9.017820399730605, 1.3446689506471496, -8.991345610749404, -2.529743361271169, 5.323750458838475, 0.03953047523296632, -8.1534137062091, -4.867703586109296, -8.387887043697468, 11.705723899519842, 7.896654984827635, 5.791817856734303, 1.6958240771232393, 3.9887919180231863, -7.821016002459257, -3.6384598709748235, 0.029693808860567328, -3.4423437252585476, -8.748196285734892, 9.723561134546426, -2.6705720311845944, 0.48754175556630447, -4.588759389069514, -4.1872951896483235, -3.156126463493242, 5.5556909188872865, 3.9017911204163718, -0.5167916091820339, -7.879145367968735, 4.424854250885361, -4.294604204118017, 2.454162538158241, -7.806355505324799, 4.136041483404374, -2.3097853390211367, -0.6971640472597398, -3.271738416140912, -4.487598221088814, 0.5665461374947065, 6.723705519094862, -8.081503109120302, -1.374444563907798, -8.691600230727326, 4.056173636668916, 2.8025980800477237, -5.1262135252730205, -0.4294167501177016, 3.7996021404032128, 1.7419162475507952, -4.251025207027685, 8.881467700198487], "obj_val": 570.1288452148438, "time_elapsed": 23.71711778640747, "timeout_reached": false}