{"x": [2.8878618934456357, 1.9223018792354618, 4.538643675717333, 0.663028880407941, 3.2281831776381065, 0.21967705667349957, -0.4573129573122814, 1.2610221754375917, -3.5721237221428312, 2.572445440028832, 0.4502563487681899, 3.4054906364644677, 1.1992165887302386, 3.0378067993750224, 0.7952221683342109, 3.8811117595636557, 0.5335406468765136, 2.582834422067486, 1.5723319639630051, -0.09512291867321054, 2.115734172110111, 3.3513532599897755, 0.39932556213020387, 4.238055055975805, 0.2430605720455148, 0.36172672785284465, -0.3545702559247821, -0.35671368785376356, 1.480908224745261, 0.7357702003168054, 3.6803790076381016, 1.803521112657489, 3.6164564935147503, -1.3621158930424315, -1.026824167024003, 1.5430558346496115, -3.5080535638620667, 2.0603121874939467, 1.8953498337522134, 2.195717210510306, 1.1968045654507398, -1.22729733543551, 1.0329483558606611, 3.5435500522541785, -1.9347206977489562, -1.1127323150048185, 0.7581445956289357, 0.29406198182160725, -1.9221729273269095, -0.7255574183418001, 1.5127481855036606, -0.6402124741748816, -4.455137502479375, 0.22250740554898618, 1.1836439947065536, 2.8081074901877945, 0.29983957115101045, -3.491807977343332, -3.1696602478177205, -4.045193595962262, 0.9508752772505935, 3.7912461640244155, 1.077866426585048, 1.328556880888745, -2.3502715987024336, 1.5270318061649224, 3.8150804431516616, 2.7049284113556693, -0.29346752121848785, 1.0184076254887287, 2.8704850083129907, -2.6668829028875196, -1.4921108560061258, 0.11312906993646177, 1.3645442016839326, 3.31987996667807, 2.483213929834547, -0.46616926973186534, 0.40567891973196213, 0.9805147054220864, -1.0923433041244168, 3.0072355086400537, 2.4556554323600777, 0.4447189956954811, 0.5485101568763007, -4.839201121026463, 3.347716017506317, 0.4885947145235958, 0.40788980626905946, 0.5168812821783986, 1.3621809749807645, 0.9400159206358838, -5.183810199517367, 3.691656280748259, -1.8602956386760006, 1.037940415324714, 1.2802974852252302, -0.04911236775102301, 3.1126059776966253, -1.4079838774365128], "obj_val": 122.31873321533203, "time_elapsed": 301.89288878440857, "timeout_reached": true}