{"x": [7.013219916365269, 1.8312047574050005, 2.170578037891586, 2.3488747795079323, 0.8209259667609259, 2.292715050641303, -0.09592047428437112, -1.534109696567465, 0.4260123503684987, 0.4007735458839745, 1.9153724338467515, 2.8985857342402443, 0.5928987415135456, 3.8657387684860134, 3.5268177191509897, 3.6686589726711505, -0.12234391232411657, -0.950222773130025, -0.5529204085742934, 4.538301210448672, 1.297704661231971, -0.5094190421958211, 0.6578414225919893, 4.277510347994511, 0.3022260140142996, 0.6431892955544583, 2.6833788833238748, 3.501681344615657, 1.6811059939375084, 1.8516240184994825, 1.1411868712062745, -1.6783171446723433, 0.7692772199709896, 1.416342242817139, 4.006674399577821, 0.8574447112547956, -1.1836865498984572, 0.4639222384635411, -0.43327968372756875, -0.6403412615892867, 0.6842448726222905, 0.6330684020599198, 0.38719668395049256, 3.1698894169875436, 3.04575367336124, -4.124161370387222, -4.281947083989818, 2.487430774526287, 3.6932137667281317, 0.5316225848425127, 0.5680840039432167, 0.64789206739577, 1.7438536283769257, 0.6441697012012182, 0.1575115623080281, 3.7044602125090154, -0.46011748432674526, 2.6707454133523623, 2.271710610714184, 4.195910148261197, 3.88579483819947, 1.7765057241282678, 0.5655467808048042, 0.30081263329138963, 3.818898729474549, 1.178811742443009, -3.1094186930355883, 2.0262407139746696, 1.9513551868454426, -0.23625719712484727, -1.8742406316088378, 2.458682865048003, 0.9016223307669979, 1.1366379834367923, 1.5369727093518337, -0.25780657332794554, -0.7347745140718731, 1.9234857276364137, 0.8415355159757021, 2.3884786862480523, 1.7377223186225565, -1.978215029264292, 1.607671137102975, 1.2427920011763693, 2.726297665645454, 2.958293787104751, 0.03509507934863709, 0.2938411779146488, 1.0388581724809676, -0.4467660714171806, 2.617397227230649, 1.2444625933114573, 1.0646661838293126, 3.705778167267988, 3.3309328797540605, 1.8159946986329722, -1.2100072603376288, 0.6070749091629035, -3.3697263974891625, 0.0653274725567754], "obj_val": 87.146728515625, "time_elapsed": 301.2722671031952, "timeout_reached": true}