{"x": [1.0000041199644836, 1.0000019404867997, 1.000001099943789, 1.000005233927783, 1.0000061935143087, 1.0000069227287796, 0.999999352894963, 1.0000038912175595, 1.0000067804061652, 1.0000081469024296, 0.9999994169021954, 1.0000036520562656, 1.0000043094939035, 1.0000043698207204, 0.9999957998382532, 1.0000033513918933, 1.000001613339672, 0.9999997499292828, 1.0000047637442955, 1.0000015753986453, 0.9999997656895264, 1.0000018465505598, 1.0000030011162822, 1.0000018046735344, 1.0000010584231611, 1.0000014794453111, 0.9999958305888026, 1.0000072205534725, 0.9999997018145451, 1.0000034514417815, 0.9999973601759616, 1.000002432376786, 1.0000022550299157, 0.9999980458909216, 1.000003387369918, 0.9999981539620786, 1.0000008802073985, 1.000001163871961, 1.000005049016095, 1.0000020617019807, 1.0000014083434383, 1.0000003995802438, 1.0000013080788974, 1.0000053265684634, 1.0000059914357282, 1.0000032811518091, 0.9999944076142557, 1.0000061675553704, 1.0000017485888049, 0.9999987954283739, 0.9999963014341423, 1.0000065951344015, 0.9999972651987339, 1.0000032246149817, 0.9999962297905675, 1.0000073318501208, 0.9999961159473603, 1.0000037626236689, 1.0000032108236405, 1.0000046314703046, 1.000002950601637, 1.0000000730768304, 0.9999958125093493, 1.000006046212299, 1.0000082852975103, 0.9999982456285211, 1.000004056979519, 1.0000025146261031, 0.999998203309636, 1.0000030036787197, 1.0000019809473026, 0.9999991073674305, 0.999998521690115, 1.0000008265753901, 1.0000038876479094, 1.0000056625062184, 1.00000633542615, 1.000006979155293, 0.9999990985033217, 1.0000027866984484, 1.000005963089833, 0.9999959356357168, 1.00000177860838, 1.0000061741648727, 1.0000031138357608, 1.0000069568778975, 1.0000011818996024, 1.0000019735620447, 0.9999979362546368, 1.0000004928046053, 0.9999991912012985, 0.9999981458693451, 1.0000011730037193, 1.0000059155751675, 0.9999987133303625, 1.0000078235903502, 1.0000073437780335, 1.000007344658022, 0.9999965056529727, 1.0000329777660522], "obj_val": 8.881453905651426e-10, "time_elapsed": 492.3397767543793, "timeout_reached": false}