{"x": [2.038512121623558, 2.359831536512925, 1.095072841249991, 1.437408436169885, 3.607484499800393, 2.6975419022313867, -0.5118877101300405, 1.3656172527022699, 0.4269779986846792, 2.421591829104624, 0.7083916176448901, 1.097267824188299, 1.8804043249007005, 0.46225805605418147, 1.7646190906732582, 2.4600079012816103, -0.0015180809416813767, 0.8083689557755872, 0.5015248756982575, 1.1261776710145845, 1.0190153488118763, 2.7409569323082046, 1.1113209939158488, 0.35470933215871586, 1.7435731970409174, 2.10635054819429, 1.1303320917458264, 0.37861918611312806, 0.9132746747964614, 2.5093780618774435, 2.6135448520623776, 2.4056303412224636, 2.8547588973967604, 3.4872002307083374, 0.9223419101215122, -0.1695353371055512, 1.9996078216090345, 1.6522515172843748, 1.2176310234679266, 0.10811324684990542, 1.3380926021195043, 1.6703684803287526, 0.6180098353856418, 1.084722362850136, 1.6934981226847867, 2.821257726953837, 1.828764572132847, 0.8989193429455097, 0.9457140723625735, 1.3263946881913786, 0.49487771407272385, 1.0061077551992232, 2.235920455822016, 0.44087012687054433, 1.2236681889660006, 1.779605424008266, 2.6200446436117897, 2.476788382347033, 1.5027310272248027, 2.4044528333650454, 1.1186834545174063, 2.2798328876276126, 1.5408909165230653, 2.523008046045336, 0.6322548354135913, 1.3172097646783785, 1.0932019915593074, 0.36011882652474303, 3.482346648966433, 1.274694321893487, 2.2322064081558866, 2.2128399536597883, 1.7818985169814074, 1.7294577576907972, 2.0030723864715956, -0.7289833728972781, 0.422315818113533, 1.2610824294157579, 0.7137499195438679, -0.623570083120458, 0.641499055672661, 2.079860887331814, 1.1570615343157657, 3.0586515365760287, 2.4914074563556774, 1.5175950413155288, 1.1702620273192412, -4.394824584075252e-05, 3.1484499001434796, 2.536192147228335, 1.922469055169743, 1.2036905371869346, 3.5404663265491427, 2.6227228008507524, 2.1006910821822053, 1.8256934742259399, 1.977955651773423, 0.4488807961734239, 2.3297584032240426, 1.4424312837059314], "obj_val": -18.83658218383789, "time_elapsed": 93.22622847557068, "timeout_reached": false}