{"x": [2.2044101234631253, 1.5703223000789839, 1.2843008961752789, 1.923193502719183, 1.720818073196532, 1.5706465611045548, 1.4545152447370198, 1.3607381424410816, 1.6558451763954576, 1.570958517423219, 1.497460853654366, 1.4340906851260105, 1.630029696891655, 1.570790670653424, 1.5174707441697768, 1.6660310492996269, 1.6163840707909536, 1.3853452548483443, 1.5287221342837807, 1.4901637342037288, 1.6077564698810018, 1.4207574636149172, 1.5362714148265564, 1.503985187945453, 1.4736090412095475, 1.6873200421384578, 1.4179432249526185, 1.6259573971104597, 1.5975977657509146, 1.5699195645682238, 1.5452564728115252, 1.619137928345026, 1.5939528992218772, 1.5707469754659442, 1.6367078312575485, 1.5264531394864065, 1.5057239156571, 1.5707237360785413, 1.5504371897557547, 1.531079869464608, 1.5898631577424363, 1.570805857067362, 1.5525535042724352, 1.5346412812062384, 1.5175052821779378, 1.5009346008643885, 1.6834822611184457, 1.6030983263539644, 1.5219197255010268, 1.5706488816140016, 1.6164167888649272, 1.6007508519353015, 1.5855660788013255, 1.6279118941065986, 1.5565125150655195, 1.4843848975232108, 1.5289447803680662, 1.5709934939271974, 1.5028752348219587, 1.5967907125864933, 1.5834947104127712, 1.5708883668458764, 1.4541863357009268, 1.546004078350494, 1.5828153177071593, 1.4725228405889847, 1.5109071138199304, 1.6822989088733866, 1.8334401031078595, 1.7000450511765575, 1.4678899282006501, 1.6763204620672851, 1.70494582589075, 1.5278770048993735, 1.601911327776131, 1.5500134374825265, 1.4976660133119584, 1.6494349390818819, 1.5607723987421132, 1.6286814486550867, 1.5804062337703808, 1.608706047111962, 1.598898715637052, 1.6260199957203918, 1.5429039807683047, 1.4570545935681896, 1.5976599738756025, 1.4009618755540751, 1.6483150093945387, 1.5707690028718462, 1.5964877547514922, 1.5187231094386409, 1.5105276752538996, 1.5708883776708082, 1.5954057615961816, 1.4867412455351499, 1.610768531707584, 1.5053145194466104, 1.6557970080986497, 1.617258842033058], "obj_val": -99.38614654541016, "time_elapsed": 177.52524304389954, "timeout_reached": false}