{"x": [1.5707963267948966, 1.5707963267948966, 1.5707963267948966, 1.5707963267948966, 2.617993877991494, 1.5707963267948966, 1.5707963267948966, 2.617993877991494, 1.5707963267948966, 1.5707963267948966, 2.617993877991494, 1.5707963267948966, 0.5235987755982989, 1.5707963267948966, 0.5235987755982989, 0.5235987755982989, 0.5235987755982989, 1.5707963267948966, 0.5235987755982989, 0.5235987755982989, 2.617993877991494, 1.5707963267948966, 0.5235987755982989, 1.5707963267948966, 2.617993877991494, 1.5707963267948966, 1.5707963267948966, 2.617993877991494, 1.5707963267948966, 1.5707963267948966, 2.617993877991494, 1.5707963267948966, 1.5707963267948966, 1.5707963267948966, 1.5707963267948966, 1.5707963267948966, 1.5707963267948966, 1.5707963267948966, 1.5707963267948966, 1.5707963267948966, 2.617993877991494, 1.5707963267948966, 1.5707963267948966, 2.617993877991494, 1.5707963267948966, 1.5707963267948966, 1.5707963267948966, 1.5707963267948966, 1.5707963267948966, 1.5707963267948966, 2.617993877991494, 0.5235987755982989, 0.5235987755982989, 1.5707963267948966, 0.5235987755982989, 0.5235987755982989, 2.617993877991494, 1.5707963267948966, 1.5707963267948966, 1.5707963267948966, 2.617993877991494, 1.5707963267948966, 1.5707963267948966, 2.617993877991494, 1.5707963267948966, 1.5707963267948966, 2.617993877991494, 1.5707963267948966, 1.5707963267948966, 1.5707963267948966, 1.5707963267948966, 1.5707963267948966, 1.5707963267948966, 1.5707963267948966, 1.5707963267948966, 1.5707963267948966, 2.617993877991494, 1.5707963267948966, 1.5707963267948966, 2.617993877991494, 1.5707963267948966, 1.5707963267948966, 1.5707963267948966, 1.5707963267948966, 1.5707963267948966, 1.5707963267948966, 0.5235987755982989, 0.5235987755982989, 0.5235987755982989, 1.5707963267948966, 0.5235987755982989, 0.5235987755982989, 0.5235987755982989, 1.5707963267948966, 1.5707963267948966, 1.5707963267948966, 1.5707963267948966, 1.5707963267948966, 1.5707963267948966, 2.617993877991494], "obj_val": -36.390281677246094, "time_elapsed": 4.131171703338623, "timeout_reached": false}