{"x": [2.2025288415503343, 1.5708644659657116, 1.2848567425068094, 1.922877899630338, 1.7205518613550925, 1.5706296685530257, 1.45443568499857, 1.756083710816359, 1.6557694637425504, 1.570671354529968, 1.4980751920473123, 1.696562883992602, 1.629970937942944, 1.570693655262624, 1.517462907594414, 1.6662217773438002, 1.6162431886744066, 1.570657898270901, 1.6902542913494756, 1.6474640720831877, 1.4543040884494278, 1.5707690179435856, 1.5362939478156168, 1.503984325120026, 1.6018177768803596, 1.5707658325023663, 1.5412052622853292, 1.6259152021020027, 1.700859202116324, 1.5707133346380662, 1.5452584168132475, 1.7116919281417617, 1.5944864250816593, 1.5707718526160281, 1.6366452844091004, 1.6137837700459183, 1.5918078289193858, 1.5708652975098492, 1.5505635205422905, 1.5311055420104793, 1.589893667707221, 1.6438173758529686, 1.5524216796502186, 1.6060798727249361, 1.5881146902331391, 1.5009377071127883, 1.6837656599729103, 1.5378761317901688, 1.5219913856965803, 1.5066336224517602, 1.675106624414063, 1.6007636927220679, 1.5856092693007158, 1.5708928471114003, 1.6131979069376419, 1.5424178116846763, 1.584468487176073, 1.675558123657943, 1.55746169375748, 1.5968834676782473, 1.5836540826725036, 1.5193214945587386, 1.608002076965093, 1.495356748126401, 1.4839032991429173, 1.5707712935061338, 1.5590978322859836, 1.724865647366606, 1.5363705342457212, 1.5253312521951585, 1.5596871624199053, 1.6349010347467017, 1.5814964891331167, 1.437793103273318, 1.5175554088332142, 1.5498056952631583, 1.6210087665844597, 1.4880298822302818, 1.56076400814014, 1.5512752254882693, 1.5414665910405552, 1.4922183054335436, 1.5225250455289903, 1.6259611642989737, 1.5799857766550405, 1.7106594970713997, 1.4873311831775144, 1.623441048450033, 1.6143444876887783, 1.4623521394827925, 1.5270493622346804, 1.5878275873001275, 1.5105397695795535, 1.603930715015954, 1.6902429832722214, 1.3790241482762138, 1.5789334047834673, 1.5053972907565676, 1.594413610846372, 1.6172354577078263], "obj_val": -99.44583892822266, "time_elapsed": 246.75559449195862, "timeout_reached": false}