{"x": [2.2036390693951784, 1.570221527166221, 1.28430972709232, 1.9232051210019057, 1.7205981409137792, 1.5707500975444662, 1.454456186517664, 1.755856740026097, 1.6556917096057147, 1.5709462090289703, 1.4977577072796961, 1.433889966207614, 1.6298846320063305, 1.5707622098754008, 1.5175252480810615, 1.8418113150466588, 1.6163188968585285, 1.5708050264575792, 1.690191460989488, 1.4902047988849993, 1.6078230007439824, 1.4208385658572045, 1.5361716050636387, 1.6348695130809077, 1.6018775830332537, 1.570778929975642, 1.541507535836585, 1.5137825232123152, 1.4873274420010834, 1.8585834893984963, 1.6449107997120915, 1.5209351657956738, 1.594248648237742, 1.5709502796758557, 1.5480785567213537, 1.5267344097719793, 1.505743698510578, 1.5708228312290249, 1.6298913128435135, 1.609650753854173, 1.5897978945496387, 1.570792508285611, 1.6246732586780972, 1.5347238627602486, 1.5174483693848604, 1.5708241782408434, 1.620011669340756, 1.7268127143132048, 1.5867593647676745, 1.632686990757465, 1.6163755740794397, 1.540167516834881, 1.5256313520012164, 1.5708696991767859, 1.667752610065869, 1.598648325679406, 1.528562305023014, 1.515642854713903, 1.5574554704400976, 1.6966760777608796, 1.633944357922842, 1.5707480718350029, 1.6078267277157092, 1.5461889197797785, 1.4838080497993857, 1.570734426846351, 1.650803290263486, 1.593553759795589, 1.626730890276912, 1.5707317951852833, 1.467905853046937, 1.5487872996133802, 1.5815731766585603, 1.5707715895576522, 1.601896346426125, 1.4187368484238334, 1.6210455171109137, 1.6105648283968463, 1.4785586407703413, 1.551040801936919, 1.5014153253472848, 1.5320599780248383, 1.4832350830058099, 1.5519349717306414, 1.4254591063389874, 1.570821340233472, 1.5617547331506412, 1.5884740087314047, 1.470691284194964, 1.6391283654121658, 1.5964917986526883, 1.4831321703694527, 1.510493402886807, 1.5370601823542263, 1.5953578932711663, 1.5543048193620397, 1.5788843567988629, 1.5708013978966981, 1.5628080548738126, 1.5550845479487192], "obj_val": -99.39988708496094, "time_elapsed": 281.68956565856934, "timeout_reached": false}