{"x": [0.23199999999999776, 0.23199999999999776, 0.23199999999999776, 0.23199999999999776, 0.23199999999999776, 0.23199999999999776, 0.23199999999999776, 0.23199999999999776, 0.23199999999999776, -0.3840000000000007], "obj_val": 1.0426446649807382, "time_elapsed": 0.017745018005371094}