{"x": [1.0, 1.0000072645981337, 1.0000072645981337, 1.0000072645981337, 1.0000072645981337, 1.0000072645981337, 1.0000072645981337, 1.0000072645981337, 1.0000072645981337, 1.0000072645981337, 1.0000072645981337, 1.0000072645981337, 1.0000072645981337, 1.0000072645981337, 1.0000072645981337, 1.0, 1.0, 1.0, 1.0, 1.0, 1.0, 1.0, 1.0, 1.0, 1.0000072645981337, 1.0, 1.0, 1.0, 1.0, 1.0, 1.0, 1.0, 1.0, 1.0, 1.0, 1.0, 1.0, 1.0, 1.0, 1.0, 1.0, 1.0, 1.0, 1.0, 1.0, 1.0, 1.0, 1.0, 1.0, 1.001252773684997], "obj_val": -2.9934853353150968e-06, "time_elapsed": 3.0706160068511963}