{"x": [2.1983240530964774, 1.5708995874541711, 1.28263414370438, 1.923951120456302, 1.7208342716399767, 1.5708995874287222, 1.454370452812511, 1.7562267682089985, 1.655786400630842, 1.5708169897863258], "obj_val": -9.77279260995416, "time_elapsed": 0.555305004119873}