{"x": [2.208935493416023, 1.561953284332901, 1.2929211099083793, 1.9218303014644726, 1.718937250918109, 1.5691677750153252, 1.4527671823364736, 1.7542307785860165, 1.653904577573928, 1.569031698233061, 1.4960130670574725, 1.6959003519026632, 1.629368352879524, 1.5700986049119712, 1.5168593919530593, 1.4686927902242457, 1.6153275682813766, 1.5698162241776907, 1.5279469473685245, 1.6469994682782214, 1.6073068664356231, 1.5703523773863968, 1.535834929636221, 1.5034979394450005, 1.6012123184125793, 1.5701178618261737, 1.540767288563533, 1.625591662230403, 1.5973183740045858, 1.5704707675559084, 1.5449329641179077, 1.5206017906105411, 1.5938920480044907, 1.5702775270150044, 1.6364645009819032, 1.6135757580870977, 1.5916213261993015, 1.5705393188183894, 1.5502734463038963, 1.5307723758377842, 1.5119891812565287, 1.5703763589567792, 1.624448160622467, 1.6058824455507683, 1.5879390652258787, 1.570584018878852, 1.5537858458674807, 1.5375154022216386, 1.5217455965982136, 1.6322314659339088, 1.6161499868921776, 1.600534645045002, 1.5853633581148887, 1.5706154737134548, 1.5562716529556402, 1.5423137777507925, 1.5287248454034739, 1.6238958477394811, 1.610075197651882, 1.5966015399466689, 1.5834605648203346, 1.5706388107658675, 1.5581235597565808, 1.5459027954007043, 1.5339651435832802, 1.6175523856383844, 1.605435718591352, 1.5935873228761264, 1.5819974430316486, 1.5706568133811887, 1.559556626154667, 1.5486885033212923, 1.5380444702683194, 1.6125630370503259, 1.601776541157372, 1.5912036431251186, 1.5808373852744184, 1.5706711230231076, 1.5606985071409474, 1.550913467062119, 1.5413101955220168, 1.6085359780003805, 1.5988166361031841, 1.5892713791281663, 1.5798950649716292, 1.570682770316504, 1.5616297682027942, 1.5527315214904391, 1.5439836679210899, 1.6052172714328359, 1.5963730325326526, 1.5876733872759117, 1.5791144387409175, 1.570692435017265, 1.562403762687831, 1.5542448766746115, 1.5462126132674014, 1.6024351068143294, 1.5943214584686771, 1.586329823604727], "obj_val": -100.75968490351146, "time_elapsed": 3.786463975906372}